1703353293362934,0.06951999999999999846,0.171869999999999995
1703353293433884,0.05732999999999999902,0.09364999999999999714
1703353293457034,0.0832200000000000023,0.0964099999999999957
1703353293480934,0,0.07036000000000000587
1703353293503884,9.000000000000000567e-05,0.1128900000000000042
1703353293552034,0.08093999999999999806,0.09543000000000000094
1703353293623934,0.05811999999999999805,0.0707799999999999957
1703353293647934,0.08165999999999999648,0.1168499999999999955
1703353293696034,-2.000000000000000164e-05,0.09497999999999999499
1703353293743834,0.08262999999999999512,0.09604000000000000037
1703353293818984,0.3947999999999999843,0.0475300000000000028
1703353293846984,0.3785200000000000231,0.003289999999999999956
1703353293904984,-0.006870000000000000238,0.01949000000000000038
1703353293971034,-0.006790000000000000029,0.00457999999999999987
1703353294030984,-0.004749999999999999882,0.005009999999999999697
1703353294039034,0.00604000000000000023,0.005049999999999999802
1703353294114134,-0.06732000000000000484,0.005819999999999999653
1703353294122084,-0.04009999999999999676,0.006049999999999999822
1703353294199184,0.01833999999999999866,0.01372999999999999915
1703353294207184,0.01835000000000000173,0.01587999999999999828
1703353294275034,0.02855999999999999858,0.0186699999999999991
1703353294359184,0.0296200000000000005,0.02117000000000000132
1703353294436084,0,0.04717999999999999972
1703353294444084,0.006899999999999999883,0.04716999999999999665
1703353294520034,0.02913999999999999924,0.01916999999999999954
1703353294528184,0.02913999999999999924,0.01774999999999999842
1703353294605184,0.100500000000000006,0.01273
1703353294612984,0.09270000000000000462,0.01273
1703353294681084,-0.001229999999999999974,0.04830999999999999878
1703353294764034,0.07778000000000000191,0.01668999999999999997
1703353294845084,0.0143599999999999995,0.01234000000000000027
1703353294925084,0.08787999999999999978,0.1289500000000000091
1703353295007084,0.01319999999999999993,0.04998999999999999971
1703353295089934,0.09873999999999999444,0.02897999999999999882
1703353295171234,0.1620300000000000074,0.1159400000000000014
1703353295262984,0,0.001709999999999999932
1703353295254184,0.07642000000000000182,0.001619999999999999912
1703353295344134,0,-0.07388999999999999735
1703353295335084,0.0902000000000000024,-0.07370999999999999774
1703353295409084,0,0.03851999999999999869
1703353295417034,0.1676300000000000012,0.03853999999999999787
1703353295494084,0.003190000000000000127,0.07907000000000000139
1703353295502234,0.003040000000000000167,0.07885000000000000342
1703353295587134,0,0.01107999999999999957
1703353295655084,0.02332000000000000045,0.01051000000000000024
1703353295740034,0.04744999999999999912,0.01051000000000000024
1703353295817034,0.01993999999999999939,0.01086999999999999945
1703353295825134,0.02003999999999999879,0.01611999999999999891
1703353295899284,-0.4374500000000000055,0.03193000000000000005
1703353295907134,0.01307999999999999961,0.03194999999999999923
1703353295982134,0.02631999999999999965,0.03268999999999999684
1703353295990234,0.02838999999999999857,0.03282999999999999807
1703353296074134,0,0.02926000000000000129
1703353296142134,0.0562799999999999967,0.06711000000000000298
1703353296236184,0,0.0588600000000000026
1703353296227284,0.00734000000000000017,0.05793999999999999845
1703353296304034,0.007119999999999999593,0.03799999999999999906
1703353296311984,0.007199999999999999803,0.03799999999999999906
1703353296464184,0.03570000000000000256,0.04757000000000000117
1703353296549284,-0.01803000000000000089,0.005440000000000000391
1703353296626234,-0.01617999999999999994,0.004810000000000000039
1703353296634634,0.06893000000000000516,0.004830000000000000092
1703353296711234,-0.06439000000000000279,0.005100000000000000366
1703353296719234,-0.02679000000000000131,0.03034999999999999851
1703353296787184,0,0.05859999999999999931
1703353296872334,0.007159999999999999698,-0.01282999999999999939
1703353296966134,0,0.01812000000000000069
1703353296957534,0.007000000000000000146,0.01807999999999999885
1703353297033184,0.04821999999999999897,0.01494999999999999975
1703353297041184,0.1257699999999999929,0.01497000000000000067
1703353297115284,0.07707999999999999574,0.01473999999999999963
1703353297123184,0.1248400000000000065,0.02312000000000000166
1703353297197184,0.04651000000000000273,0.002469999999999999973
1703353297205134,0.02138999999999999929,0.002459999999999999947
1703353297277184,0.05020999999999999769,0.02024000000000000105
1703353297285084,0.05020000000000000157,0.0297000000000000007
1703353297361134,0.03626999999999999669,0.07761999999999999456
1703353297369184,0.1550799999999999956,0.08594999999999999862
1703353297437184,0.1010299999999999948,0.07301000000000000545
1703353297521084,-0.00574000000000000031,-0.004950000000000000407
1703353297614134,0,0.07793999999999999539
1703353297605184,0.1160599999999999965,0.07777000000000000579
1703353297682184,0.01298000000000000022,-0.04766000000000000097
1703353297690084,0.0240000000000000005,-0.02460000000000000034
1703353297764184,0.02815000000000000141,0.02549999999999999836
1703353297772134,0.02823000000000000162,0.02549999999999999836
1703353297848234,0.0314299999999999996,0.02534000000000000141
1703353297856134,0.02931999999999999884,0.02538999999999999937
1703353297924134,0.01329999999999999932,0.03091999999999999957
1703353298009334,0.02289000000000000062,0.0313399999999999998
1703353298086184,0.0128199999999999998,0.03107999999999999999
1703353298094434,0.0128199999999999998,0.0310600000000000008
1703353298171334,0.01222999999999999955,0.007609999999999999577
1703353298179184,0.01222999999999999955,0.00762999999999999963
1703353298247284,0.01235999999999999946,0.0450100000000000014
1703353298332184,-0.03034999999999999851,0.05804000000000000131
1703353298409334,0.04062999999999999945,0.08583000000000000351
1703353298417384,0.04075999999999999762,0.0856999999999999984
1703353298494234,0.06372999999999999499,-0.04585000000000000187
1703353298502234,0.05424999999999999961,-0.05154000000000000248
1703353298586284,0,0.1054599999999999982
1703353298654384,0.05781000000000000028,0.0768199999999999994
1703353298738384,0.02488999999999999893,0.01319999999999999993
1703353298815284,0.07237999999999999989,0.02111999999999999988
1703353298823784,0.07237999999999999989,0.03092999999999999916
1703353298899384,0.03330999999999999933,0.01491999999999999924
1703353298907184,0.03325000000000000178,0.01048999999999999932
1703353298982284,0.03472999999999999698,0.0475300000000000028
1703353298990134,0.03475999999999999923,0.0475300000000000028
1703353299058284,0.06278000000000000247,0.04447000000000000258
1703353299143384,0.01358000000000000006,0.04419000000000000011
1703353299220284,-0.05167000000000000065,0.01001999999999999939
1703353299228434,-0.1421600000000000086,0.0100099999999999998
1703353299303234,0.03848000000000000032,0.009150000000000000147
1703353299311434,0.03862000000000000155,0.009180000000000000659
1703353299388284,-0.02281000000000000041,0.06192999999999999894
1703353299396334,0.00604000000000000023,0.0745699999999999974
1703353299464234,0.1482799999999999951,0.01051999999999999984
1703353299549334,-0.008449999999999999178,0.08026999999999999413
1703353299626334,0.09525999999999999746,0.02415000000000000133
1703353299634584,0.0935099999999999959,0.02412999999999999867
1703353299710334,0.009849999999999999381,0.03873999999999999666
1703353299718284,0.009860000000000000708,0.03928999999999999854
1703353299794284,0.06090999999999999887,0.03074999999999999956
1703353299802334,0.08826000000000000512,0.0319600000000000023
1703353299869234,-0.00589000000000000027,0.0821500000000000008
1703353299954384,0.1368699999999999917,0.04044999999999999984
1703353300037234,0.05002000000000000196,0.007060000000000000303
1703353300129434,0,0.01520999999999999956
1703353300120384,-0.160519999999999996,0.0155300000000000004
1703353300195184,0.003939999999999999926,0.04177000000000000157
1703353300203384,0.04161999999999999728,0.041820000000000003
1703353300277384,0.1324899999999999967,0.02154000000000000012
1703353300285334,0.1009599999999999942,0.02159000000000000155
1703353300361234,0.06625999999999999945,0.05625999999999999751
1703353300369334,0.06660000000000000642,0.0562300000000000022
1703353300437384,0.04519999999999999712,0.04479000000000000342
1703353300522484,0.05394999999999999796,0.02583999999999999839
1703353300599234,0.0805499999999999966,0.0139900000000000007
1703353300607784,0.08054000000000000048,0.01400999999999999988
1703353300684384,0.0294300000000000013,0.01426000000000000011
1703353300692234,0.02808000000000000079,0.01438000000000000042
1703353300777234,0,0.02217999999999999833
1703353300845384,0.1224800000000000055,0.05791000000000000314
1703353300928434,0.02136000000000000051,0.05573000000000000176
1703353301011434,0.05029000000000000137,-0.02728999999999999829
1703353301087334,0.1145599999999999952,0.09490999999999999437
1703353301095884,0.1145700000000000052,0.09456000000000000516
1703353301172384,0.04419000000000000011,-0.02773000000000000118
1703353301180284,0.04485000000000000098,-0.03187000000000000249
1703353301265284,0,0.02254000000000000101
1703353301332484,0.06171999999999999709,0.007080000000000000356
1703353301417784,0.1712100000000000011,0.05376999999999999835
1703353301493434,-0.01240999999999999916,0.0273599999999999989
1703353301501484,0.05331999999999999934,0.02568000000000000144
1703353301578384,0.03450999999999999901,0.01144000000000000052
1703353301586484,0.03407999999999999918,0.01144000000000000052
1703353301738484,0.05949999999999999734,0.1557000000000000051
1703353301822384,0.08082999999999999907,-0.06605999999999999373
1703353301915334,0,0.1088500000000000023
1703353301906534,0.02749000000000000055,0.1059500000000000025
1703353301983484,0.03162999999999999839,-0.006669999999999999714
1703353301991384,0.03169000000000000289,-0.002670000000000000064
1703353302067284,0.001199999999999999895,0.009469999999999999252
1703353302075284,0.02438999999999999849,0.04852999999999999675
1703353302149484,0.00194999999999999991,0.01216000000000000067
1703353302157384,0.0531500000000000028,0.01464000000000000024
1703353302224434,0.06278000000000000247,0.03275000000000000133
1703353302308584,0.1457400000000000084,0.01691000000000000142
1703353302390284,0.06590999999999999637,0.005369999999999999774
1703353302473284,0.004230000000000000253,0.1450599999999999945
1703353302550384,0.003950000000000000386,-0.05489999999999999741
1703353302558384,0.004689999999999999725,-0.02577000000000000124
1703353302634334,0.02844,0.07453999999999999515
1703353302642484,0.02845999999999999919,0.07445000000000000229
1703353302710384,0.02742999999999999952,-0.03724999999999999839
1703353302794534,0.01754999999999999963,-0.0629200000000000037
1703353302888384,0,0.002040000000000000147
1703353302879834,0.01759000000000000147,0.002040000000000000147
1703353302956484,0.01763999999999999943,0.08161000000000000199
1703353302964434,0.01763999999999999943,0.08161000000000000199
1703353303050334,0,0.06963999999999999357
1703353303118484,0.03661999999999999977,0.003799999999999999992
1703353303203584,0.03722999999999999921,0.05645000000000000018
1703353303280384,0.0299899999999999993,0.05573999999999999788
1703353303288684,0.03021000000000000074,0.0557199999999999987
1703353303363484,-0.00239999999999999979,0.01913000000000000117
1703353303371384,0.0215599999999999993,0.0199299999999999998
1703353303445484,0.1420099999999999973,-0.01481999999999999984
1703353303453584,0.1173000000000000015,-0.08792999999999999428
1703353303528284,-0.008309999999999999679,0.006830000000000000134
1703353303536334,0.003609999999999999928,0.006559999999999999859
1703353303604434,0.03225999999999999701,0.04558000000000000246
1703353303689384,0.03253000000000000336,0.07815999999999999337
1703353303766534,0,0.03003000000000000114
1703353303774434,0.1009000000000000036,0.02316999999999999962
1703353303850434,0.06327000000000000679,0.03411000000000000143
1703353303858534,0.01552000000000000081,0.03665000000000000202
1703353303935534,0.02622999999999999984,0.03670999999999999958
1703353303943334,0.01457999999999999921,0.03672000000000000264
1703353304010434,0.0007900000000000000121,0.03232999999999999763
1703353304095584,0.1077400000000000024,0.03015999999999999931
1703353304172384,0.08029999999999999638,0.03005999999999999991
1703353304180484,0.080369999999999997,0.03005000000000000032
1703353304257484,0.01575000000000000011,0.04257999999999999979
1703353304265434,0.005360000000000000181,0.06008999999999999758
1703353304417484,0.009530000000000000276,0.03636000000000000343
1703353304501434,0.02610000000000000167,0.001580000000000000024
1703353304594584,0,0.05822000000000000092
1703353304585384,0.02415000000000000133,0.05820000000000000173
1703353304662434,0.02829999999999999877,0.05963999999999999857
1703353304670484,0.04700000000000000011,0.05967000000000000082
1703353304747584,-0.04252999999999999836,0.05249000000000000193
1703353304755534,-0.01001999999999999939,0.05249000000000000193
1703353304823534,0.02775000000000000036,0.05186000000000000332
1703353304908434,0.03076999999999999874,0.08251999999999999613
1703353304984484,0,0.05353000000000000119
1703353304992584,0.02149999999999999828,0.05353999999999999732
1703353305069484,0.02238000000000000059,0.03685999999999999693
1703353305077434,0.02238000000000000059,0.0369599999999999998
1703353305229434,0.01961999999999999855,0.05167999999999999677
1703353305314484,0.01883999999999999911,0.0005500000000000000331
1703353305391484,0.02195000000000000076,0.07216000000000000192
1703353305399984,0.02350999999999999965,0.08061999999999999722
1703353305474534,0.1343999999999999917,0.04274000000000000021
1703353305482634,0.1344299999999999939,0.156459999999999988
1703353305557534,0.09324999999999999956,0.07525999999999999357
1703353305565534,-0.009429999999999999147,0.0641000000000000042
1703353305633684,0.02851000000000000062,0.03772999999999999965
1703353305718584,0.03314000000000000279,0.03763999999999999985
1703353305795484,0.06406000000000000583,0.0376099999999999976
1703353305803534,0.05147000000000000186,0.03758999999999999841
1703353305880584,0.08072999999999999621,0.03438999999999999696
1703353305888484,0.07935999999999999999,0.03438999999999999696
1703353305956534,0.004910000000000000302,0.03429999999999999716
1703353306041584,0.1032900000000000068,0.05403000000000000164
1703353306118634,0.1087800000000000017,0.03234000000000000069
1703353306126534,0.06532999999999999918,0.03230000000000000232
1703353306203484,0.0355999999999999997,0.009350000000000000672
1703353306211634,0.03529000000000000192,0.009299999999999999239
1703353306296434,0,0.008210000000000000284
1703353306364684,-0.009780000000000000498,0.008420000000000000401
1703353306449534,0.03586000000000000298,0.01094000000000000007
1703353306526584,0.01193999999999999923,0.03132999999999999674
1703353306534534,0.01165000000000000063,0.03135000000000000286
1703353306687784,0.05029999999999999749,0.0377899999999999972
1703353306772734,0.1634299999999999919,0.02384999999999999967
1703353306848684,0.1114499999999999935,0.01197999999999999933
1703353306857184,0.1115000000000000019,0.01237000000000000079
1703353306932634,0.01129999999999999928,0.1468599999999999905
1703353306940784,0.02204000000000000056,0.1442100000000000048
1703353307026534,0,0.02048000000000000168
1703353307094534,0.02568000000000000144,0.02988000000000000031
1703353307188584,0,0.02997000000000000011
1703353307179584,0.01434000000000000032,0.0299899999999999993
1703353307256634,0.07802000000000000601,0.07352000000000000202
1703353307264584,0.0786000000000000032,0.07352999999999999814
1703353307341634,0.02758000000000000035,0.06199999999999999956
1703353307349484,0.04880999999999999922,0.05945999999999999897
1703353307417534,0.05820000000000000173,0.04691000000000000031
1703353307502734,0.01120999999999999948,0.05972000000000000225
1703353307579534,0.03110999999999999877,-0.0223600000000000014
1703353307587984,0.02697000000000000092,-0.02189999999999999933
1703353307664484,0.04785999999999999976,0.02410999999999999949
1703353307672634,0.04787000000000000283,0.02411999999999999908
1703353307740634,0.05983000000000000124,0.06421000000000000318
1703353307824534,0.09972999999999999921,0.06753000000000000669
1703353307907484,0.0810300000000000048,0.03799000000000000293
1703353307999684,0,0.006539999999999999807
1703353307990634,0.0661100000000000021,0.04023999999999999799
1703353308065584,0,0.03865999999999999992
1703353308074034,0.1031900000000000039,0.03865999999999999992
1703353308148684,0.03518000000000000294,0.06205000000000000099
1703353308156734,-0.003749999999999999861,0.06205000000000000099
1703353308232634,-0.06322999999999999454,0.01507000000000000006
1703353308240684,-0.02593000000000000166,0.01503999999999999955
1703353308325584,0,0.04152999999999999747
1703353308392634,0.1148499999999999938,0.04771999999999999853
1703353308475584,-0.0501899999999999985,0.01133999999999999939
1703353308558684,0.04270000000000000184,0.01158999999999999961
1703353308635634,0.04286999999999999839,0.03379999999999999671
1703353308643684,0.04295000000000000207,0.03425999999999999879
1703353308719534,0.06396999999999999909,0.02846999999999999878
1703353308727734,0.06454000000000000015,0.02846999999999999878
1703353308803784,0.01396000000000000019,0.007170000000000000158
1703353308811534,0.01396999999999999978,0.007199999999999999803
1703353308878584,0.01968999999999999917,0.03200999999999999679
1703353308963684,0.06504999999999999671,0.04318999999999999923
1703353309040634,0,0.04232999999999999957
1703353309048634,-0.04716000000000000053,0.04232000000000000345
1703353309124634,0.0941599999999999937,0.01094999999999999966
1703353309132634,0.0709700000000000053,0.01090999999999999956
1703353309207684,-0.04383999999999999703,0.03045000000000000137
1703353309215784,-0.01805999999999999966,0.03048000000000000015
1703353309299784,0,0.03043999999999999831
1703353309367684,0.0183800000000000005,0.01972000000000000142
1703353309452634,0.04497000000000000303,0.04596999999999999698
1703353309529584,0.01611999999999999891,0.08112999999999999379
1703353309537634,0.01609999999999999973,0.08110000000000000542
1703353309614734,0.01327000000000000055,0.009220000000000000764
1703353309622584,0.01370000000000000037,0.009249999999999999542
1703353309690784,0.02912000000000000005,0.01026999999999999962
1703353309774584,0.01372999999999999915,0.0723300000000000054
1703353309857634,0.04943999999999999784,0.001529999999999999893
1703353309949734,0,0.1911899999999999988
1703353309940634,0.08275000000000000411,0.1734700000000000131
1703353310016584,-0.02546999999999999958,0.04347999999999999782
1703353310024734,0.04426000000000000073,0.02196999999999999995
1703353310098734,0.0413999999999999993,0.001229999999999999974
1703353310106584,0.0413999999999999993,0.001350000000000000071
1703353310183634,0.08161999999999999811,0.03810000000000000192
1703353310191684,0.07631000000000000283,0.04574000000000000288
1703353310259784,0.01282999999999999939,0.05202999999999999986
1703353310344634,-0.1919099999999999973,0.05714999999999999941
1703353310427634,0.02067000000000000087,0.04848000000000000226
1703353310503684,-0.02256999999999999978,0.02477000000000000035
1703353310512084,-0.0172199999999999992,0.02477000000000000035
1703353310587834,0.0370499999999999996,0.02650999999999999884
1703353310595734,0.07707999999999999574,0.02762999999999999831
1703353310670784,0.03346999999999999975,0.04488000000000000322
1703353310678584,0.005279999999999999971,0.04488999999999999935
1703353310746734,0.04870000000000000023,0.04488000000000000322
1703353310831684,0.01043000000000000003,0.02392999999999999988
1703353310908634,0.009990000000000000616,0.01486999999999999954
1703353310916684,0.01000000000000000021,0.01502000000000000036
1703353310992784,0.02520000000000000018,0.07574999999999999789
1703353311000684,0.0435600000000000015,0.07574999999999999789
1703353311068784,0.04250000000000000305,0.04712999999999999828
1703353311153784,0.04343000000000000332,0.009459999999999999659
1703353311246684,0,0.00764000000000000009
1703353311237834,0.05376999999999999835,0.007689999999999999787
1703353311314634,0.03300999999999999768,0.04660999999999999865
1703353311322834,0.03302000000000000074,0.04868000000000000105
1703353311475684,0.009650000000000000591,0.01546999999999999938
1703353311560734,0.03885999999999999871,0.05022000000000000075
1703353311637884,0.02997000000000000011,0.01477000000000000014
1703353311645834,0.02888999999999999901,0.01816999999999999865
1703353311722734,0.008439999999999999586,0.048000000000000001
1703353311730834,0.008420000000000000401,0.048000000000000001
1703353311798734,0.01906000000000000055,0.02775000000000000036
1703353311884834,0.1188199999999999951,0.04517999999999999794
1703353311960734,0,0.01808999999999999844
1703353311969184,0.005020000000000000157,0.01828000000000000111
1703353312042784,0.0334100000000000022,0.05514999999999999764
1703353312050884,0.03032999999999999932,0.05514000000000000151
1703353312124734,-0.001549999999999999946,-0.03327999999999999708
1703353312132684,0.04254999999999999755,-0.02651999999999999844
1703353312209734,0.04451000000000000095,0.03386000000000000121
1703353312217834,0.04449999999999999789,0.05313999999999999974
1703353312367784,0.0297000000000000007,-0.0112300000000000004
1703353312451834,0.1304099999999999981,0.03117999999999999938
1703353312545784,0,0.03116999999999999979
1703353312536934,0.0169400000000000002,0.03116999999999999979
1703353312611784,0.08311000000000000332,0.008519999999999999796
1703353312619884,0.08311000000000000332,0.01281000000000000021
1703353312695734,-0.003640000000000000006,0.07001000000000000278
1703353312703684,0.04649999999999999967,0.07112000000000000266
1703353312778934,0.07434999999999999942,0.06529999999999999694
1703353312786834,0.123880000000000004,0.06537999999999999368
1703353312854784,0.02664000000000000049,-0.0414899999999999991
1703353312939984,0.01038000000000000034,0.05865999999999999687
1703353313016734,0.04415999999999999787,0.01251999999999999988
1703353313024784,0.0442099999999999993,0.01196999999999999974
1703353313100934,0.09850000000000000422,0.008920000000000000845
1703353313108884,0.06721000000000000585,0.008909999999999999518
1703353313193884,0,0.008949999999999999623
1703353313259884,-0.005020000000000000157,0.02297000000000000083
1703353313344734,0.1264599999999999891,0.063630000000000006
1703353313421834,0.04395999999999999908,0.003660000000000000059
1703353313429834,0.07875999999999999668,0.003700000000000000164
1703353313503884,0.04125000000000000194,0.004409999999999999858
1703353313511884,0.008559999999999999901,0.01391000000000000049
1703353313586784,0.05466000000000000025,0.09807000000000000439
1703353313594884,0.1525900000000000034,0.09826999999999999624
1703353313746784,0.01237000000000000079,0.1027499999999999941
1703353313831934,0.0400399999999999992,0.03667999999999999733
1703353313908884,0.02409999999999999989,0.006210000000000000242
1703353313917434,0.02222999999999999976,0.03289999999999999869
1703353313993884,-0.006289999999999999584,0.03989000000000000185
1703353314001734,0.1095600000000000046,0.03984000000000000041
1703353314085834,0,0.03971999999999999836
1703353314153934,0.1264299999999999868,0.07256999999999999562
1703353314238984,0.115220000000000003,0.08709000000000000075
1703353314314834,0.04725000000000000033,0.08704000000000000625
1703353314323084,0.05111000000000000265,0.08698000000000000176
1703353314399884,0.06217999999999999916,0.01425000000000000051
1703353314407784,0.08759000000000000119,0.01208000000000000046
1703353314492884,0,0.01187999999999999994
1703353314561034,0.1615900000000000114,0.04388000000000000234
1703353314654834,0,0.01628999999999999893
1703353314645984,0.04290999999999999676,0.01762000000000000025
1703353314721884,0.04766000000000000097,0.01833999999999999866
1703353314730384,0.04769000000000000322,0.0183800000000000005
1703353314805934,0.04193999999999999811,0.05813000000000000111
1703353314813834,0.04195000000000000118,0.05813999999999999724
1703353314898834,0,0.05428999999999999798
1703353314966934,0.05038000000000000117,0.02331000000000000086
1703353315059934,0,0.05877999999999999892
1703353315051084,0.1819000000000000061,0.0587999999999999981
1703353315124784,0,-0.008009999999999999759
1703353315133084,-0.01837000000000000091,0.003099999999999999891
1703353315209984,0.09002999999999999892,-0.01796999999999999986
1703353315217984,0.08329000000000000292,-0.01802000000000000129
1703353315303034,0,0.07509000000000000397
1703353315368884,0.03622999999999999832,0.05813999999999999724
1703353315454084,0.1432400000000000062,0.03597999999999999809
1703353315546834,0,0.04608999999999999903
1703353315537984,0.08762999999999999956,0.04605000000000000066
1703353315614984,0.02675999999999999907,0.05369999999999999774
1703353315622884,0.02528000000000000039,0.05369000000000000161
1703353315775084,0.04945999999999999702,0.01367999999999999945
1703353315859884,-0.02058000000000000107,0.03076999999999999874
1703353315936934,0.0125400000000000008,0.03029000000000000095
1703353315944934,0.01257999999999999917,0.03030000000000000054
1703353316021984,0.05763000000000000067,0.01490000000000000005
1703353316029834,0.05756000000000000005,0.01485999999999999995
1703353316097884,0,0.01498000000000000026
1703353316182934,0.03447000000000000064,0.06374000000000000499
1703353316275884,0,-0.02845999999999999919
1703353316266884,0.04494000000000000078,-0.02855999999999999858
1703353316342884,-0.02760999999999999913,0.01086999999999999945
1703353316351034,-0.0042100000000000002,0.01222999999999999955
1703353316427034,0.07260999999999999399,0.0915600000000000025
1703353316434984,0.1795299999999999951,0.09130000000000000615
1703353316509034,-0.04671999999999999764,0.03572000000000000175
1703353316516984,-0.0467300000000000007,0.03579999999999999849
1703353316585034,0.09869999999999999607,0.0240000000000000005
1703353316668884,0.03382000000000000284,-0.00757000000000000034
1703353316751984,0.09590999999999999526,0.1624099999999999988
1703353316827934,0.02615999999999999923,0.05242999999999999744
1703353316835984,0.02616999999999999882,0.03844000000000000195
1703353316911984,0.0265300000000000015,0.005069999999999999854
1703353316919984,0.02656000000000000028,0.01201999999999999943
1703353317005034,0,0.1054599999999999982
1703353317072034,0.14995,0.04619000000000000189
1703353317154984,0.1279399999999999982,0.00902000000000000024
1703353317246884,0,0.009010000000000000647
1703353317238034,0.05557999999999999746,0.009069999999999999937
1703353317315084,0.02577000000000000124,0.07763000000000000456
1703353317323134,0.01722999999999999879,0.07756000000000000394
1703353317399034,0.02811999999999999916,0.0339700000000000002
1703353317406884,0.02811999999999999916,0.03398000000000000326
1703353317490934,0,0.01688999999999999876
1703353317559034,0.02292999999999999899,0.05353999999999999732
1703353317644084,0.003670000000000000085,0.03771999999999999659
1703353317721084,0.02019999999999999921,0.006629999999999999609
1703353317729084,0.02019999999999999921,0.006660000000000000121
1703353317806084,0.09063999999999999835,0.008219999999999999876
1703353317813884,0.09066000000000000447,0.02144000000000000072
1703353317882034,-0.001069999999999999988,0.07932000000000000162
1703353317965184,0.01943999999999999895,0.03889000000000000096
1703353318050034,0.02057000000000000148,0.04023999999999999799
1703353318126934,0.02324000000000000024,0.02561000000000000082
1703353318134984,0.02324000000000000024,0.02241999999999999896
1703353318212134,0.01370999999999999996,0.03081000000000000058
1703353318219984,0.01506000000000000047,0.03082000000000000017
1703353318303984,0,0.08153000000000000524
1703353318372084,0.0139900000000000007,0.04669000000000000233
1703353318448984,0,0.01344000000000000056
1703353318457084,0.1163300000000000028,0.01779000000000000026
1703353318532984,0.09156999999999999862,0.05884000000000000341
1703353318540984,0.02741000000000000034,0.05861000000000000237
1703353318615184,0.02844999999999999959,0.04882999999999999841
1703353318623084,0.03034999999999999851,0.04886000000000000065
1703353318707984,0,-0.01930000000000000118
1703353318776034,0.06586000000000000187,0.05514000000000000151
1703353318860084,0.06525999999999999857,0.03644000000000000017
1703353318943034,0.08108999999999999542,0.02217999999999999833
1703353319020084,0.05856000000000000094,0.02215999999999999914
1703353319028134,0.02261000000000000162,0.0224500000000000012
1703353319105084,0.01897000000000000075,0.02784000000000000016
1703353319113184,0.01897000000000000075,0.04843999999999999695
1703353319181184,0.01895000000000000157,0.05031000000000000055
1703353319266134,0.08326000000000000068,0.05496000000000000191
1703353319343084,0.009060000000000000345,0.05498999999999999722
1703353319351134,0.01916999999999999954,0.05500000000000000028
1703353319427084,0.1435299999999999909,-0.01451000000000000033
1703353319434934,0.1401600000000000068,0.03778000000000000108
1703353319510134,0.02870999999999999941,0.06784999999999999365
1703353319518034,0.07080000000000000182,0.06765999999999999792
1703353319669084,0.01307999999999999961,0.03380999999999999978
1703353319754184,0.05539999999999999786,0.002609999999999999907
1703353319831034,0.03332999999999999852,0.05390000000000000346
1703353319839234,0.04105000000000000315,0.05390999999999999959
1703353319915084,0.03337999999999999995,0.002390000000000000197
1703353319923184,0.03726999999999999758,0.002490000000000000026
1703353319991134,0.01255999999999999998,0.06612999999999999434
1703353320075084,0.0921499999999999958,0.03212000000000000272
1703353320159134,0.07179000000000000659,0.04265999999999999653
1703353320251084,0,0.01644999999999999934
1703353320242084,0.1526200000000000057,0.01650000000000000078
1703353320316234,0.05304999999999999993,0.09016000000000000403
1703353320324534,0.08956999999999999684,0.08401999999999999746
1703353320401034,0.02605999999999999983,0.05949999999999999734
1703353320409284,0.02214999999999999955,0.05965999999999999776
1703353320493234,0,0.001190000000000000085
1703353320560034,-0.192330000000000001,0.04293000000000000288
1703353320643084,0.01771000000000000005,0.04290999999999999676
1703353320720284,0,0.0144099999999999992
1703353320728534,0.02468000000000000055,0.01438000000000000042
1703353320805234,0.09803000000000000602,0.01448999999999999941
1703353320813134,0.09800000000000000377,0.02538999999999999937
1703353320965284,0.007110000000000000001,0.06461999999999999689
1703353321049084,0.02276999999999999857,-0.005340000000000000129
1703353321142234,0,-0.001580000000000000024
1703353321133634,0.02276999999999999857,-0.001559999999999999972
1703353321210184,0.02229000000000000078,0.08043999999999999762
1703353321218184,0.02232999999999999916,0.08044999999999999374
1703353321295134,0.02228000000000000119,0.0566100000000000006
1703353321303034,0.02230000000000000038,0.05650999999999999773
1703353321371284,0.02180999999999999953,0.01602999999999999911
1703353321456334,0.06382000000000000173,0.006769999999999999976
1703353321533084,0.01327000000000000055,0.03071000000000000119
1703353321541584,0.01327000000000000055,0.03561999999999999889
1703353321619634,0.03683999999999999775,0.07346999999999999365
1703353321627234,0.03656999999999999834,0.07356000000000000039
1703353321695134,0,-0.05575999999999999707
1703353321779184,0.02061999999999999944,0.04086000000000000049
1703353321873134,0,0.04082999999999999824
1703353321864334,0.02271000000000000102,0.04080000000000000293
1703353321939184,0.09023000000000000465,0.04263000000000000123
1703353321947734,0.09020999999999999852,0.04261999999999999816
1703353322024084,0.01727000000000000063,0.05677999999999999714
1703353322032284,0.01728000000000000022,0.05675999999999999795
1703353322100234,0.03327000000000000096,0.002069999999999999792
1703353322184184,0.05526999999999999968,0.0270799999999999999
1703353322278234,0,0.04104000000000000009
1703353322269634,0.0211000000000000007,0.04105000000000000315
1703353322345234,-0.03122000000000000122,0.03989999999999999797
1703353322353184,-0.007219999999999999855,0.03896000000000000157
1703353322430184,0.02903999999999999984,0.0475300000000000028
1703353322438134,0.02597000000000000003,0.04848999999999999838
1703353322523184,0,0.04789000000000000201
1703353322591234,0.02153000000000000053,0.01396000000000000019
1703353322674284,0.08289000000000000534,0.02515999999999999834
1703353322756284,-0.04712000000000000216,0.03475000000000000311
1703353322833334,0.001190000000000000085,0.03477000000000000229
1703353322841184,0.008519999999999999796,0.03477000000000000229
1703353322918234,0.05884999999999999953,0.03436000000000000165
1703353322926234,0.05158999999999999697,0.03434999999999999859
1703353323011184,0,0.04445999999999999952
1703353323079184,0.05448999999999999677,0.04129000000000000031
1703353323164184,0.02622000000000000025,0.01397999999999999937
1703353323241184,0.09722000000000000086,0.06833999999999999797
1703353323249234,0.1008399999999999991,0.06833000000000000185
1703353323325184,0.548910000000000009,0.0472600000000000034
1703353323333234,0.615639999999999965,0.01804000000000000048
1703353323417084,0,0.06662999999999999479
1703353323484184,0.118249999999999994,0.01004999999999999991
1703353323569284,0.07198999999999999844,0.01345999999999999974
1703353323646184,0.0218399999999999983,0.08329000000000000292
1703353323654434,0.02247000000000000039,0.08333000000000000129
1703353323731334,0.02493000000000000077,0.01072999999999999995
1703353323739084,0.02494000000000000036,0.01072999999999999995
1703353323806284,0,0.02170000000000000054
1703353323890184,0.03697999999999999898,-0.03275000000000000133
1703353323984334,0,0.008920000000000000845
1703353323975234,0.04465999999999999831,0.009509999999999999357
1703353324052284,0.02976000000000000173,0.07427999999999999881
1703353324060234,0.06511000000000000121,0.07424000000000000044
1703353324137184,0.01770000000000000046,0.04732999999999999707
1703353324145284,0.01785000000000000128,0.04080000000000000293
1703353324212284,0.02340000000000000066,0.01561000000000000061
1703353324296284,0.03855999999999999706,0.08723000000000000198
1703353324380184,0.007960000000000000062,-0.03502999999999999864
1703353324456184,0.07241000000000000214,0.01152000000000000073
1703353324464584,0.1817499999999999949,0.01179000000000000013
1703353324540284,0.04585999999999999799,0.01874999999999999931
1703353324548234,0.1084200000000000025,0.0260099999999999984
1703353324623184,0.1365300000000000125,0.09028999999999999526
1703353324631234,0.1357399999999999995,0.09007999999999999341
1703353324783334,0.005640000000000000048,0.05838999999999999746
1703353324867434,0.1742200000000000137,0.04558999999999999858
1703353324960234,0,0.01354999999999999954
1703353324951884,0.003559999999999999797,0.01519999999999999997
1703353325028234,0.05337000000000000077,-0.03899999999999999994
1703353325036334,0.05251999999999999724,-0.09138000000000000289
1703353325110284,0.1486899999999999888,-0.05310000000000000137
1703353325118434,0.1526899999999999924,-0.06983000000000000318
1703353325194384,-0.2038999999999999979,0.04204000000000000098
1703353325202284,0.459409999999999985,0.044630000000000003
1703353325270384,0.1692500000000000115,0.04658000000000000335
1703353325354334,0.001729999999999999984,0.01451999999999999992
1703353325447334,0,0.01043000000000000003
1703353325438384,-0.05890000000000000097,0.01043000000000000003
1703353325514284,0.05199999999999999761,0.05120000000000000245
1703353325522534,0.05195999999999999924,0.05118999999999999939
1703353325598334,0.05766000000000000292,-0.03584999999999999992
1703353325606284,0.1077000000000000041,-0.03740000000000000269
1703353325674234,0,0.02914999999999999883
1703353325759334,0.03289999999999999869,0.02012999999999999859
1703353325843434,0.03287000000000000338,-0.00764000000000000009
1703353325920384,0.03239000000000000212,0.05530000000000000193
1703353325928384,0.03113000000000000142,0.06306000000000000494
1703353326005384,0.007919999999999999957,0.06446999999999999953
1703353326013234,0.007960000000000000062,0.06446000000000000341
1703353326081434,0.06338000000000000578,0.02014000000000000165
1703353326163484,0.06465999999999999526,0.006640000000000000069
1703353326248434,0.07825999999999999623,0.0801400000000000029
1703353326325434,0.0166600000000000012,0.06937000000000000111
1703353326333384,0.01634999999999999995,0.06938999999999999335
1703353326410334,0.05190999999999999781,0.008619999999999999191
1703353326418434,0.05186000000000000332,0.008619999999999999191
1703353326486284,0.06818000000000000449,0.008619999999999999191
1703353326571284,0.01391000000000000049,0.14995
1703353326648334,0.01223999999999999914,0.05338999999999999996
1703353326656884,0.01225000000000000047,0.0398599999999999996
1703353326731484,-0.002860000000000000129,0.1023400000000000004
1703353326739484,-0.1020199999999999996,0.1377099999999999991
1703353326816484,0.02066000000000000128,0.01140000000000000041
1703353326824234,0.02222000000000000017,0.01119999999999999989
1703353326892534,-0.03665999999999999814,0.04981000000000000011
1703353326977384,0.0790200000000000069,0.05075000000000000344
1703353327054484,0.07111000000000000654,0.05088000000000000161
1703353327062534,0.09031999999999999751,0.05086999999999999855
1703353327138334,0.1336900000000000033,0.01807999999999999885
1703353327146434,0.1217300000000000049,0.0181000000000000015
1703353327299384,0.07853000000000000258,0.05793000000000000232
1703353327384334,0.08271000000000000574,0.06997000000000000441
1703353327460434,0.0716699999999999976,-0.04768000000000000016
1703353327468784,-0.09816999999999999338,-0.03799999999999999906
1703353327543334,0.05433999999999999941,0.05761999999999999761
1703353327551584,0.1136699999999999933,0.05759999999999999842
1703353327626334,0.1129300000000000026,0.00371000000000000019
1703353327634484,0.1123600000000000015,0.00371000000000000019
1703353327702334,0,0.04417000000000000093
1703353327787384,0.02502000000000000057,0.07545000000000000318
1703353327881284,0,0.0297100000000000003
1703353327872484,0.02518000000000000099,0.02957999999999999866
1703353327949484,0.02297000000000000083,0.01167999999999999941
1703353327957434,0.02297000000000000083,0.01170999999999999992
1703353328042384,0,0.01276000000000000051
1703353328110384,0.03592999999999999666,0.0765900000000000053
1703353328195984,0.007210000000000000263,0.05535000000000000336
1703353328272484,0.09038999999999999813,0.02450000000000000094
1703353328280484,0.09246999999999999664,0.02451000000000000054
1703353328357534,0.009360000000000000264,0.04313999999999999779
1703353328365384,0.009450000000000000067,0.04313999999999999779
1703353328433434,0,0.02067000000000000087
1703353328518384,-0.01094000000000000007,0.02139999999999999888
1703353328612384,0,0.03516999999999999987
1703353328603434,0.03966000000000000081,0.03533000000000000029
1703353328679584,0.0430900000000000033,0.06155000000000000054
1703353328687434,0.04989999999999999991,0.06155999999999999667
1703353328763384,0.1243999999999999967,0.06151000000000000217
1703353328771534,0.1122599999999999987,0.06149999999999999911
1703353328839434,0.002139999999999999975,0.01084000000000000068
1703353328924534,0.01024000000000000084,0.04827000000000000041
1703353329001534,0.02665000000000000008,0.04222000000000000058
1703353329009634,-0.1296599999999999975,0.0404199999999999976
1703353329085534,0.05072000000000000119,0.02225999999999999854
1703353329093534,0.06419999999999999318,0.02247000000000000039
1703353329246384,-0.001270000000000000078,0.02293999999999999859
1703353329331534,0.1121899999999999981,0.05831000000000000072
1703353329407434,0.01703999999999999959,0.05902000000000000302
1703353329415534,0.01662999999999999895,0.05908999999999999669
1703353329490534,0.1186299999999999993,0.05763000000000000067
1703353329498534,0.1085399999999999976,0.05766999999999999904
1703353329574534,-0.003589999999999999875,-0.01157000000000000042
1703353329582384,0.01291999999999999919,-0.01217000000000000026
1703353329666384,0,0.0129999999999999994
1703353329733484,0.04105000000000000315,0.05696999999999999981
1703353329817534,0.1821899999999999908,0.01473000000000000004
1703353329893534,0.5588300000000000489,0.05120999999999999858
1703353329902034,0.7255200000000000538,0.05102999999999999897
1703353329978534,0.0005800000000000000034,-0.01357000000000000046
1703353329986384,-0.01001999999999999939,0.03203000000000000291
1703353330054584,0,-0.01332000000000000024
1703353330139584,0.007289999999999999605,0.08967999999999999583
1703353330232484,0,0.02569000000000000103
1703353330223334,0.03187999999999999862,0.05340999999999999914
1703353330300534,0.03164000000000000146,0.04766000000000000097
1703353330308534,0.03164000000000000146,0.0476699999999999971
1703353330385534,0.07792999999999999927,0.002050000000000000173
1703353330393584,0.08333000000000000129,0.0198300000000000004
1703353330460434,0.03679999999999999938,0.1241099999999999981
1703353330544484,0.04587000000000000105,0.06228999999999999815
1703353330628484,0.04229999999999999732,0.001799999999999999951
1703353330705584,0.008099999999999999561,0.0680599999999999955
1703353330713634,0.008120000000000000481,0.06804000000000000326
1703353330790534,0.02160000000000000114,0.06507999999999999896
1703353330798534,0.03767000000000000209,0.06404999999999999583
1703353330866634,0.03951999999999999957,0.01899999999999999953
1703353330951684,0.05492999999999999966,0.0400399999999999992
1703353331028584,0.03962999999999999856,0.04096999999999999947
1703353331036584,0.03857000000000000012,0.04089000000000000273
1703353331113584,0.08558000000000000329,0.03558000000000000052
1703353331121584,0.08175000000000000322,0.0355099999999999999
1703353331189634,0.06636000000000000232,0.0158599999999999991
1703353331274534,0.02915999999999999842,0.01566000000000000031
1703353331351534,0.02120999999999999969,0.0370499999999999996
1703353331359534,0.02096999999999999906,0.04914000000000000312
1703353331436534,0.0319899999999999976,0.05070999999999999813
1703353331444484,0.03200000000000000067,0.05915999999999999731
1703353331529634,0,-0.006550000000000000266
1703353331597484,0.02452000000000000013,0.02698000000000000051
1703353331682584,0.03901999999999999913,0.06690999999999999726
1703353331759634,0.0827999999999999986,0.03422999999999999654
1703353331767934,0.0694300000000000056,0.02844
1703353331844634,0.01752000000000000085,0.009499999999999999764
1703353331852434,0.0286299999999999992,0.01078999999999999924
1703353331920634,0,0.007029999999999999791
1703353332005534,0.005190000000000000169,0.05847000000000000114
1703353332089484,0.06110999999999999766,0.06687999999999999501
1703353332166684,0.01276000000000000051,0.06776000000000000079
1703353332174634,0.0127700000000000001,0.06710000000000000686
1703353332251584,0.01323000000000000044,-0.02169000000000000095
1703353332259684,0.01324000000000000003,-0.02149999999999999828
1703353332409634,0,-0.0006800000000000000488
1703353332493584,0.05417999999999999899,0.01188999999999999953
1703353332570634,0.06511999999999999733,0.0213799999999999997
1703353332578634,0.0908500000000000002,0.02289000000000000062
1703353332655484,0.01396000000000000019,0.02905999999999999903
1703353332663634,0.01345000000000000015,0.02906999999999999862
1703353332748584,0,0.08637000000000000233
1703353332816584,0.02520999999999999977,0.063619999999999996
1703353332901584,0.04236999999999999794,0.06085999999999999743
1703353332977634,0.01038000000000000034,-0.0002799999999999999755
1703353332986034,0.01037000000000000074,0.1023899999999999949
1703353333062634,0.03445999999999999758,0.04653000000000000191
1703353333070634,0.01933999999999999955,0.04653000000000000191
1703353333154684,0,-0.0251700000000000014
1703353333222634,0.01486999999999999954,0.02597000000000000003
1703353333316734,0,0.07040000000000000424
1703353333307634,0.02564999999999999919,0.07037000000000000199
1703353333383634,0.01680999999999999855,0.09843999999999999972
1703353333391784,0.01672999999999999834,0.09468999999999999639
1703353333466684,0.02307999999999999982,-0.01947000000000000119
1703353333474634,0.02308999999999999941,-0.01348000000000000066
1703353333627684,0.05958000000000000101,-0.009119999999999999635
1703353333710684,0.07958999999999999408,0.0588899999999999979
1703353333787584,0.08291999999999999371,0.06181999999999999995
1703353333795684,0.0736900000000000055,0.05990000000000000185
1703353333872534,0.04157999999999999891,0.01095999999999999926
1703353333880734,0.04157999999999999891,0.01097000000000000058
1703353333965584,0,0.07083000000000000407
1703353334032584,0.08160000000000000586,0.05637000000000000344
1703353334115684,0.05353999999999999732,0.008569999999999999493
1703353334192784,-0.003579999999999999849,0.008139999999999999666
1703353334200834,0.05344999999999999751,0.008120000000000000481
1703353334277734,0.01540000000000000049,0.008479999999999999691
1703353334285584,0.01540000000000000049,0.01546999999999999938
1703353334370684,0,0.07674999999999999878
1703353334438684,0.1060099999999999931,0.1021900000000000031
1703353334522734,0.1303100000000000092,0.03071000000000000119
1703353334605634,0.1239299999999999985,0.0156200000000000002
1703353334682584,0.02545999999999999999,0.03538000000000000173
1703353334690734,0.06126000000000000195,0.03540999999999999703
1703353334767634,-0.02457000000000000156,0.06300999999999999657
1703353334775784,-0.003840000000000000097,0.06285999999999999921
1703353334843634,0.1305099999999999871,0.05682000000000000245
1703353334928634,0.09481000000000000538,-0.00419999999999999974
1703353335005684,0.03015999999999999931,0.01106999999999999998
1703353335013784,0.03722999999999999921,0.01107999999999999957
1703353335088734,0.04073999999999999844,0.05976999999999999674
1703353335096784,0.06317000000000000393,0.05974999999999999756
1703353335172734,0.09279999999999999361,-0.01888000000000000095
1703353335180734,-0.006369999999999999794,-0.0188499999999999987
1703353335248784,0,0.04877999999999999697
1703353335332684,0.02834000000000000061,0.05822999999999999704
1703353335426684,0,-0.01001999999999999939
1703353335417784,0.0014499999999999999,0.04490000000000000241
1703353335494834,0.149290000000000006,0.04857000000000000206
1703353335502634,0.08802000000000000102,0.048559999999999999
1703353335578784,0.0270899999999999995,0.0471999999999999989
1703353335586634,0.03844000000000000195,0.04716999999999999665
1703353335654884,-0.01178000000000000054,0.03874999999999999972
1703353335739784,0.03221000000000000252,0.09456000000000000516
1703353335816684,0.08996999999999999442,0.07969999999999999307
1703353335824934,0.09050999999999999324,0.07969999999999999307
1703353335900834,0.03876000000000000278,-0.02147999999999999909
1703353335908634,0.009660000000000000184,0.01694999999999999979
1703353335982834,0.05340999999999999914,0.005100000000000000366
1703353335990834,0.0534200000000000022,0.005109999999999999959
1703353336075734,0,0.1130300000000000055
1703353336143684,0.03262000000000000316,0.005530000000000000193
1703353336237634,0,0.005539999999999999786
1703353336228734,0.05256999999999999867,0.006669999999999999714
1703353336304684,-0.03857000000000000012,0.04642999999999999905
1703353336312734,-0.01225000000000000047,0.05560999999999999971
1703353336389784,0.02718999999999999889,0.0007100000000000000191
1703353336397784,0.02658999999999999905,0.0007200000000000000453
1703353336465634,0,0.0008199999999999999824
1703353336550784,0.03917999999999999955,0.04111000000000000071
1703353336628734,0.07477999999999999925,0.04109999999999999765
1703353336636684,0.04070000000000000007,0.04096999999999999947
1703353336713684,0.04637999999999999762,0.1183199999999999946
1703353336721884,0.09976000000000000145,0.1175999999999999962
1703353336789734,0.0009200000000000000278,0.01524999999999999967
1703353336875984,0.01781999999999999904,0.01846000000000000071
1703353336952834,0.05866999999999999993,0.04232999999999999957
1703353336960784,0.05244999999999999662,0.04240000000000000019
1703353337037734,0.05985000000000000042,0.02724999999999999992
1703353337045734,0.05988000000000000267,0.0331699999999999981
1703353337130834,0,0.03357999999999999874
1703353337198884,-0.06436000000000000054,0.03799999999999999906
1703353337280784,-0.007210000000000000263,0.04712000000000000216
1703353337373784,0,0.01420000000000000082
1703353337364984,-0.01481999999999999984,0.0141300000000000002
1703353337440784,0.165470000000000006,0.05211999999999999966
1703353337448884,0.2036399999999999877,0.05215000000000000191
1703353337523784,0.1422299999999999953,-0.03039999999999999994
1703353337531784,0.1402200000000000113,-0.005069999999999999854
1703353337609284,0.01629999999999999852,0.1389400000000000079
1703353337616734,0.01654999999999999874,0.1332899999999999918
1703353337684784,0.04379999999999999866,0.01051000000000000024
1703353337768934,0.03971999999999999836,0.0313399999999999998
1703353337845884,0.08956000000000000072,0.0680599999999999955
1703353337854384,0.08981000000000000094,0.06808000000000000163
1703353337930784,0.008840000000000000635,0.04388999999999999846
1703353337938934,0.008840000000000000635,0.04388999999999999846
1703353338006984,0.09821000000000000563,0.04397000000000000214
1703353338091834,0.1355399999999999938,0.05310999999999999749
1703353338168734,0,0.04993000000000000216
1703353338177234,-0.0002400000000000000061,0.04988999999999999685
1703353338253884,0.0183900000000000001,0.0100099999999999998
1703353338261784,0.01839999999999999969,0.01003000000000000072
1703353338337784,0.01842999999999999847,0.08290999999999999759
1703353338345884,0.03135000000000000286,0.08304999999999999882
1703353338413884,0.05145000000000000268,0.01874999999999999931
1703353338498784,0.0496300000000000005,0.02290000000000000022
1703353338575884,0.06694999999999999563,0.02296000000000000124
1703353338584434,0.06694999999999999563,0.02299000000000000002
1703353338660884,0.02131999999999999867,-0.001469999999999999953
1703353338668684,0.02129999999999999949,-0.0009499999999999999981
1703353338742884,0.04055000000000000271,0.04095000000000000029
1703353338750734,0.07731999999999999984,0.04098000000000000254
1703353338818784,0.01461999999999999932,0.06687999999999999501
1703353338903734,-0.001639999999999999965,0.06753000000000000669
1703353338985934,0.07184000000000000108,0.04030000000000000249
1703353339062934,0.04451999999999999708,0.02793999999999999956
1703353339071034,0.09964000000000000634,0.02791000000000000078
1703353339147784,0.02335999999999999882,0.02782000000000000098
1703353339155984,0.02338000000000000148,0.02783000000000000057
1703353339240984,0,0.02796999999999999834
1703353339307934,0.09009000000000000341,0.05213999999999999885
1703353339393034,0.01786000000000000087,0.05344999999999999751
1703353339469984,0.08599999999999999312,0.05322999999999999954
1703353339477834,0.08602999999999999536,0.0532400000000000026
1703353339554984,0.007440000000000000432,0.01947000000000000119
1703353339562934,0.006649999999999999661,0.01952999999999999875
1703353339629834,0.008189999999999999364,0.06062000000000000027
1703353339714834,0.02261000000000000162,0.05002000000000000196
1703353339792034,0.02060999999999999985,0.01744000000000000064
1703353339800334,0.02060999999999999985,0.01559999999999999928
1703353339876934,0.09307999999999999607,0.008710000000000000728
1703353339884934,0.08844000000000000472,0.00877999999999999961
1703353339952784,0,0.05106000000000000122
1703353340037034,0.1348600000000000076,0.01205999999999999954
1703353340120984,0.04716000000000000053,0.01320999999999999952
1703353340197984,0.08319999999999999618,0.01649000000000000118
1703353340206084,0.06841999999999999471,0.01678999999999999937
1703353340282984,0.008470000000000000098,0.02486000000000000015
1703353340291034,0.008460000000000000506,0.04732000000000000095
1703353340359084,0,0.08087999999999999357
1703353340443984,0.09611000000000000099,0.0898999999999999938
1703353340528134,0.02208999999999999853,0.0181000000000000015
1703353340604884,0.02122999999999999887,0.07308000000000000607
1703353340613134,0.02125000000000000153,0.07308000000000000607
1703353340690034,0.0523500000000000007,0.01149999999999999981
1703353340698084,0.0523500000000000007,0.01091999999999999915
1703353340765834,0.01183000000000000024,0.008670000000000000623
1703353340851084,0.02732000000000000053,0.04027000000000000024
1703353340927884,0.08258999999999999675,0.0776499999999999968
1703353340936084,0.08258999999999999675,0.07488000000000000211
1703353341012934,0.01097000000000000058,0.009709999999999999881
1703353341020884,0.03733000000000000207,0.009719999999999999474
1703353341105934,0,0.009629999999999999671
1703353341174084,0.06998000000000000054,0.009969999999999999696
1703353341250884,0.03783999999999999864,0.01918999999999999873
1703353341259484,0.03660000000000000059,0.02768999999999999934
1703353341336084,0.01055000000000000035,0.02900000000000000147
1703353341343984,0.03518000000000000294,0.02902000000000000066
1703353341496134,0.08153000000000000524,0.03620000000000000301
1703353341579934,0.03427000000000000185,0.0360699999999999979
1703353341656934,0.01064000000000000015,0.04179000000000000076
1703353341665034,-0.03513999999999999763,0.0651599999999999957
1703353341742084,-0.02512999999999999956,0.06905999999999999639
1703353341749984,-0.01400000000000000029,0.06908999999999999864
1703353341834934,0,0.06360999999999999988
1703353341902934,0.02225999999999999854,0.008829999999999999308
1703353341987934,0.04635000000000000231,0.00880000000000000053
1703353342064934,0.05127999999999999919,0.05168999999999999984
1703353342073484,0.05152999999999999942,0.05165000000000000147
1703353342150034,0.009849999999999999381,0.03590999999999999748
1703353342157934,0.003640000000000000006,0.1502199999999999924
1703353342226134,0.02738000000000000156,0.09576999999999999402
1703353342312084,0.0897199999999999942,0.005780000000000000415
1703353342389084,0.03681999999999999856,0.00617999999999999973
1703353342397134,0.07772999999999999354,0.006720000000000000279
1703353342474134,0.02747000000000000136,0.0458399999999999988
1703353342481984,0.04766000000000000097,0.05809999999999999887
1703353342549984,0.009010000000000000647,0.07023000000000000076
1703353342635034,0.143199999999999994,0.03651000000000000079
1703353342716934,0.09160000000000000087,0.01290000000000000001
1703353342794034,-0.1096599999999999936,0.05077000000000000263
1703353342801934,-0.096000000000000002,0.05083000000000000018
1703353342879084,-0.01932000000000000037,0.0007900000000000000121
1703353342886984,0.01148000000000000062,0.0295200000000000011
1703353342971984,0,0.08228000000000000591
1703353343040034,0.03029000000000000095,0.04209999999999999853
1703353343125184,0.01051999999999999984,0.04635999999999999843
1703353343202034,0.0543599999999999986,0.02835999999999999979
1703353343210084,0.1187700000000000006,0.02412999999999999867
1703353343286084,0.1352099999999999969,0.01581000000000000114
1703353343294034,0.1351199999999999901,0.01590000000000000094
1703353343377984,0,0.009230000000000000357
1703353343445934,0.06954000000000000459,0.1386199999999999932
1703353343531084,0.07581999999999999851,0.03651000000000000079
1703353343607984,0.01692000000000000101,-0.04347000000000000169
1703353343616034,0.0169400000000000002,-0.04342000000000000026
1703353343693084,0.01529999999999999936,0.01302000000000000032
1703353343701084,0.01528000000000000018,0.01302999999999999992
1703353343769084,0.01391000000000000049,0.03747999999999999943
1703353343854184,0.07101000000000000367,0.05505000000000000171
1703353343931134,0.01058000000000000086,-0.006879999999999999831
1703353343939534,0.01055000000000000035,-0.006830000000000000134
1703353344015984,0.009429999999999999147,0.06476999999999999424
1703353344024084,0.009469999999999999252,0.06289999999999999758
1703353344092134,0.01190000000000000085,0.01339000000000000086
1703353344177084,0.01611999999999999891,0.01345999999999999974
1703353344254034,0.02054999999999999882,0.0597799999999999998
1703353344262484,0.03563999999999999807,0.05981000000000000205
1703353344339084,0.100830000000000003,-0.03311000000000000054
1703353344347284,0.03456000000000000044,-0.03311000000000000054
1703353344424134,0.03339000000000000301,0.06854999999999999982
1703353344432134,0.03339999999999999913,0.06847999999999999921
1703353344508084,0.01616000000000000075,0.08308000000000000107
1703353344516034,0.05233000000000000151,0.08298999999999999433
1703353344584234,-0.001920000000000000049,0.01290000000000000001
1703353344669134,0.2814999999999999725,0.01260000000000000009
1703353344761984,0,0.1336100000000000065
1703353344753184,0.1268299999999999983,0.132090000000000013
1703353344828984,0.1972599999999999909,0.1052499999999999963
1703353344837234,0.1880199999999999927,0.10499
1703353344914034,0.02442000000000000073,0.001319999999999999993
1703353344921984,0.01089000000000000037,0.001399999999999999986
1703353345006984,0,0.06521000000000000407
1703353345074984,-0.03823000000000000009,0.05501999999999999946
1703353345159234,-0.1552699999999999914,0.05356999999999999956
1703353345250134,0,0.01640000000000000138
1703353345241034,0.02999999999999999889,0.01648000000000000159
1703353345317084,-0.02472999999999999851,0.02704000000000000153
1703353345325284,-0.02476000000000000076,0.1640999999999999959
1703353345400084,0.1891799999999999871,0.04227999999999999814
1703353345408084,0.2297399999999999998,0.01909999999999999892
1703353345483534,-0.02973999999999999908,-0.02804999999999999855
1703353345491034,-0.1980500000000000038,-0.03014000000000000012
1703353345642034,0.001779999999999999898,0.01108999999999999916
1703353345727134,0.07741000000000000658,0.02598999999999999921
1703353345804234,0.01980000000000000163,0.0101099999999999992
1703353345812184,0.02139999999999999888,0.03663000000000000284
1703353345888134,0.04494000000000000078,0.0195500000000000014
1703353345896084,0.04494000000000000078,0.01958999999999999977
1703353345964234,0.06481000000000000649,0.02443000000000000033
1703353346049234,0.03225000000000000089,0.03155000000000000165
1703353346143184,0,0.03150000000000000022
1703353346134084,0.03708000000000000185,0.03151000000000000328
1703353346210084,-0.02347000000000000128,0.03087000000000000161
1703353346218234,-0.006000000000000000125,0.03091999999999999957
1703353346295184,0.003180000000000000101,0.03765000000000000291
1703353346303034,0.0127700000000000001,0.05022999999999999687
1703353346371034,0.02213000000000000037,0.01288000000000000082
1703353346454234,0.1022099999999999953,0.03833000000000000296
1703353346548234,0,0.008649999999999999703
1703353346539334,0.004000000000000000083,0.008710000000000000728
1703353346615184,0.03289999999999999869,0.1120199999999999946
1703353346623634,0.03293000000000000094,0.1097700000000000065
1703353346701584,0.08154999999999999749,0.007020000000000000198
1703353346709084,0.07734000000000000596,0.007009999999999999738
1703353346777284,0.01346999999999999933,0.007289999999999999605
1703353346862284,0.05120000000000000245,0.07717000000000000248
1703353346939234,0.02891000000000000167,-0.02283999999999999919
1703353346947334,0.02792999999999999997,-0.005530000000000000193
1703353347024284,0.03783000000000000251,0.008240000000000000796
1703353347032184,0.03783000000000000251,0.008240000000000000796
1703353347117184,0,0.03651999999999999691
1703353347185134,0.03452000000000000207,0.059130000000000002
1703353347279284,0,0.04218000000000000221
1703353347270384,0.1060099999999999931,0.03903999999999999831
1703353347347134,0.0266200000000000013,0.01583000000000000032
1703353347355184,0.036310000000000002,0.01583999999999999991
1703353347432084,0.09937,0.07234999999999999765
1703353347440284,0.0001800000000000000113,0.07227999999999999703
1703353347591284,0.03509999999999999926,0.05920999999999999874
1703353347676384,0.006779999999999999569,0.009259999999999999135
1703353347753334,-0.02404999999999999846,0.009110000000000000042
1703353347761384,-0.0222700000000000016,0.00910000000000000045
1703353347837234,0.1014499999999999985,0.0433199999999999974
1703353347845234,0.07696000000000000063,0.06205000000000000099
1703353347996334,0.04399999999999999745,0.06421999999999999931
1703353348080334,0.01420000000000000082,-0.03914000000000000118
1703353348174234,0,0.03627999999999999975
1703353348165334,0.0503400000000000028,0.04386000000000000315
1703353348241134,0.01298999999999999981,-0.0009600000000000000243
1703353348249334,0.0113699999999999999,-0.009060000000000000345
1703353348326184,-0.05093999999999999917,-0.006610000000000000424
1703353348334234,-0.003759999999999999887,0.01176999999999999921
1703353348402284,0.02650999999999999884,0.03810999999999999804
1703353348487434,0.08794000000000000428,0.03277999999999999664
1703353348570284,0.02786999999999999894,0.03275999999999999746
1703353348647134,-0.009029999999999999832,0.03341999999999999832
1703353348655234,-0.008170000000000000179,0.0334100000000000022
1703353348732184,0.04436999999999999972,0.04236000000000000182
1703353348740184,0.04436999999999999972,0.04234999999999999876
1703353348808284,0.06821000000000000674,0.07928999999999999937
1703353348893284,0.04066999999999999782,0.03141000000000000042
1703353348976284,0.05104999999999999816,0.00298000000000000001
1703353349053334,-0.06725000000000000422,0.02191999999999999851
1703353349061334,-0.02560000000000000123,0.03135000000000000286
1703353349136334,0.1375099999999999933,0.01454000000000000084
1703353349144334,0.112409999999999996,0.01456000000000000003
1703353349218284,-0.01699000000000000163,-0.04950000000000000233
1703353349226384,0.003569999999999999823,-0.04939999999999999947
1703353349310384,0,0.09256000000000000338
1703353349377284,0.01426000000000000011,0.04635999999999999843
1703353349462334,0.05308000000000000218,0.009589999999999999566
1703353349539334,0.08296000000000000596,0.0519700000000000023
1703353349547284,0.07330000000000000404,0.05195999999999999924
1703353349624284,0.06056999999999999884,0.0603100000000000025
1703353349632234,0.06056000000000000272,0.06029000000000000331
1703353349716434,0,-0.01619999999999999912
1703353349784384,0.02480999999999999872,-0.03971000000000000224
1703353349869384,0.01566000000000000031,0.007239999999999999908
1703353349946434,0.01324000000000000003,0.03291999999999999788
1703353349954434,0.01325999999999999922,0.03393999999999999795
1703353350031234,0.1013600000000000056,0.05371999999999999692
1703353350039434,0.101400000000000004,0.05371999999999999692
1703353350107184,0.08530999999999999694,0.03493999999999999884
1703353350192484,0.1031200000000000033,0.01897000000000000075
1703353350285384,0,-0.01745000000000000023
1703353350276484,0.08688999999999999502,-0.03137000000000000205
1703353350351434,0.07167999999999999372,0.09124000000000000166
1703353350359384,0.07151000000000000412,0.09643999999999999795
1703353350436484,-0.001330000000000000019,0.06576999999999999513
1703353350444384,-0.001690000000000000096,0.06569999999999999452
1703353350529284,0,0.003830000000000000071
1703353350597234,0.08447000000000000342,0.05145000000000000268
1703353350691234,0,0.05754000000000000087
1703353350682334,0.01043000000000000003,0.05596999999999999892
1703353350759434,0.08014999999999999902,0.01037000000000000074
1703353350767334,0.04445999999999999952,0.01034999999999999983
1703353350844484,0.009469999999999999252,0.01125999999999999918
1703353350852284,0.009010000000000000647,0.02486999999999999975
1703353350920284,0.02147999999999999909,0.03928999999999999854
1703353351005334,0.05653999999999999998,0.04755000000000000199
1703353351082234,-0.004139999999999999583,0.04746000000000000218
1703353351090734,0.09839000000000000523,0.04746999999999999831
1703353351167434,0.1193300000000000055,0.01152000000000000073
1703353351175284,0.1081700000000000023,0.01152000000000000073
1703353351260234,0,0.0417799999999999977
1703353351328534,0.03232000000000000151,0.124890000000000001
1703353351413484,0.03182000000000000106,0.04719000000000000278
1703353351489234,0.2083399999999999974,0.01609000000000000014
1703353351497784,0.03176999999999999963,0.01176999999999999921
1703353351574384,0.0709599999999999953,0.04424999999999999767
1703353351582334,0.06696000000000000563,0.04333999999999999658
1703353351650334,0.004219999999999999793,0.04329999999999999821
1703353351735334,0.004409999999999999858,0.04347999999999999782
1703353351812284,0.01196000000000000014,0.043499999999999997
1703353351820834,0.01280000000000000061,0.04370999999999999885
1703353351897534,0.07355000000000000426,0.04367999999999999661
1703353351905534,0.07356000000000000039,0.04367000000000000048
1703353351990434,0,0.00864000000000000011
1703353352058334,0.0745699999999999974,0.01438000000000000042
1703353352152534,0,0.05183999999999999719
1703353352143384,0.01592999999999999972,0.01947000000000000119
1703353352219284,0.03146999999999999797,-0.01409000000000000009
1703353352227384,0.03146000000000000185,-0.02001000000000000001
1703353352303484,-0.09288000000000000422,0.002530000000000000131
1703353352311234,-0.2114399999999999891,0.002700000000000000143
1703353352463334,0.1502799999999999969,0.04093999999999999723
1703353352547284,-0.008049999999999999864,0.0811999999999999944
1703353352623334,0.04524000000000000243,-0.1096099999999999991
1703353352631584,0.03085999999999999854,-0.1084200000000000025
1703353352708434,-0.0006999999999999999929,0.05102999999999999897
1703353352716334,0.06436000000000000054,0.04972000000000000031
1703353352869634,0.01795000000000000068,0.05564999999999999808
1703353352954534,0.09744999999999999496,0.114089999999999997
1703353353031534,0.0866500000000000048,0.09087000000000000632
1703353353039634,0.1022399999999999975,0.09041000000000000425
1703353353116434,0.01146999999999999929,0.03980999999999999817
1703353353124484,0.0113699999999999999,0.03592000000000000054
1703353353192484,0.0101499999999999993,0.007320000000000000118
1703353353277484,0.01089000000000000037,0.007360000000000000223
1703353353369484,0,0.01251999999999999988
1703353353361484,0.08991999999999999993,0.03556000000000000133
1703353353436384,0.01762999999999999984,0.02603000000000000105
1703353353444534,-0.1427100000000000035,0.0260099999999999984
1703353353521384,-0.1099200000000000038,0.03457999999999999963
1703353353529384,-0.05909999999999999976,0.05419000000000000206
1703353353613584,0,0.05442999999999999922
1703353353681534,0.03742999999999999799,0.02138999999999999929
1703353353766534,0.06415999999999999481,0.04891000000000000208
1703353353843384,0.04526000000000000162,0.05503000000000000252
1703353353851484,0.06561999999999999778,0.05503000000000000252
1703353353928484,0.03173000000000000126,0.01669999999999999957
1703353353936484,0.03577999999999999931,0.01668000000000000038
1703353354004634,0.03626999999999999669,0.1036099999999999938
1703353354088534,0.009220000000000000764,0.05335000000000000159
1703353354165434,0,0.0086999999999999994
1703353354173534,0.06980999999999999706,0.008649999999999999703
1703353354250584,0.06521000000000000407,0.04487000000000000016
1703353354258484,0.05899999999999999689,0.04487000000000000016
1703353354334484,0.05186999999999999944,0.01524999999999999967
1703353354342584,0.05186999999999999944,0.01714999999999999858
1703353354410534,0.06759999999999999343,0.03030000000000000054
1703353354493534,0.1184999999999999942,0.01148000000000000062
1703353354576484,0.01303999999999999951,0.05476000000000000312
1703353354652584,0,-0.009379999999999999449
1703353354660884,0.04043999999999999678,0.03067999999999999894
1703353354737584,0.0250800000000000016,0.0917400000000000021
1703353354745484,0.02221000000000000058,0.0919800000000000062
1703353354898384,0.07581999999999999851,0.01319999999999999993
1703353354983434,0.01187999999999999994,0.01322000000000000085
1703353355060534,0.01510000000000000057,0.06471999999999999975
1703353355068534,0.01753000000000000044,0.064750000000000002
1703353355144584,0.04866000000000000186,-0.0375199999999999978
1703353355152634,0.02946000000000000008,-0.04682999999999999663
1703353355227434,-0.9154200000000000115,0.05074000000000000038
1703353355235384,0.0721500000000000058,0.05057999999999999996
1703353355303584,0.1572099999999999886,0.01382000000000000069
1703353355388484,0.0224600000000000008,0.01366999999999999986
1703353355481434,0,0.09346999999999999753
1703353355472534,0.01839999999999999969,0.09339000000000000079
1703353355547434,0.1038800000000000001,0.01510000000000000057
1703353355556034,-0.6915200000000000236,0.03361000000000000099
1703353355632634,0.1453000000000000125,0.03418999999999999817
1703353355640484,0.1444799999999999973,0.03422000000000000042
1703353355725384,0,0.0533300000000000024
1703353355792584,-0.02556999999999999898,0.05448999999999999677
1703353355876734,0.0505200000000000024,0.04508000000000000201
1703353355953584,0,0.0042100000000000002
1703353355961734,0.04855000000000000288,0.006899999999999999883
1703353356038484,0.08287999999999999534,0.107920000000000002
1703353356046534,0.03996999999999999859,0.09493999999999999662
1703353356131534,0,0.03536000000000000254
1703353356199584,0.01757999999999999841,0.05142999999999999655
1703353356284434,0.02417000000000000051,0.03622999999999999832
1703353356361634,0.09339999999999999691,0.01771000000000000005
1703353356369934,0.09336999999999999467,0.01725000000000000144
1703353356445684,0.5409100000000000019,0.0157599999999999997
1703353356453484,0.7039600000000000302,0.01601999999999999952
1703353356538584,0,0.1652099999999999957
1703353356606584,0.1286299999999999943,0.06217000000000000304
1703353356700434,0,0.04263999999999999735
1703353356691684,0.04504999999999999977,0.04257999999999999979
1703353356766584,0.06142000000000000237,0.01484000000000000076
1703353356774534,0.06140999999999999931,0.01325999999999999922
1703353356851684,0.03493000000000000271,0.04005000000000000226
1703353356859634,0.05897999999999999771,0.04005000000000000226
1703353357012634,0.05403999999999999776,0.03694000000000000061
1703353357096634,0.04925999999999999823,0.08140000000000000013
1703353357172684,0.04993000000000000216,-0.05353000000000000119
1703353357180634,0.0496300000000000005,-0.04741999999999999688
1703353357257684,0.07559000000000000441,0.07782999999999999641
1703353357265534,0.07377999999999999836,0.07785000000000000253
1703353357350684,0,0.03785999999999999782
1703353357418634,0.09539999999999999869,0.09707999999999999963
1703353357512634,0,-0.02741000000000000034
1703353357503684,0.08248999999999999388,0.002880000000000000181
1703353357579734,0.08873000000000000331,0.05036999999999999811
1703353357587534,0.02685999999999999846,0.06837000000000000022
1703353357741634,0.0140400000000000004,0.002050000000000000173
1703353357826684,0.04236999999999999794,0.07041999999999999649
1703353357903634,0.02437999999999999889,0.03536999999999999866
1703353357912234,-0.1123099999999999932,0.03364000000000000323
1703353357988534,0.1020599999999999979,0.04596000000000000085
1703353357996584,0.08987000000000000544,0.04624999999999999944
1703353358064784,0,0.01167999999999999941
1703353358149734,0.03735999999999999738,0.07502999999999999947
1703353358231584,0.007599999999999999985,0.02196000000000000035
1703353358307684,0.1438000000000000111,0.05140000000000000124
1703353358315734,0.1863200000000000134,0.05140999999999999737
1703353358391634,0.05401000000000000245,0.02672000000000000069
1703353358399634,0.1028300000000000047,0.02655000000000000068
1703353358552784,0.0461700000000000027,0.01197999999999999933
1703353358637584,0.02121999999999999928,0.01192999999999999963
1703353358714784,0.01018999999999999941,0.01221999999999999996
1703353358723134,0.01018999999999999941,0.01242000000000000048
1703353358799584,0.02024000000000000105,0.05874999999999999667
1703353358807784,0.05868999999999999911,0.06171999999999999709
1703353358960784,0.007380000000000000275,0.01119000000000000029
1703353359043734,0.09585000000000000464,0.02315000000000000044
1703353359126884,0.04810999999999999999,0.02605999999999999983
1703353359203734,0.01990000000000000102,0.05926000000000000018
1703353359211734,0.04694000000000000256,0.06733000000000000096
1703353359288634,0.04379999999999999866,0.04959999999999999826
1703353359296634,0.04381000000000000172,0.0475300000000000028
1703353359364734,0.01054000000000000076,0.01001999999999999939
1703353359449634,0.04052000000000000046,0.0443899999999999989
1703353359542784,0,0.03679000000000000326
1703353359533884,0.04172000000000000014,0.03744999999999999718
1703353359609734,0.07857999999999999707,0.0208200000000000017
1703353359617784,0.07363999999999999713,0.02109000000000000111
1703353359694684,0.02885000000000000064,0.05140000000000000124
1703353359702734,0.05015000000000000013,0.05140000000000000124
1703353359770634,0.02432000000000000134,0.01542999999999999927
1703353359855734,0.07134000000000000064,0.01125999999999999918
1703353359932634,0.03064000000000000057,0.01128999999999999969
1703353359940734,0.03058999999999999914,0.01136000000000000031
1703353360017784,0.01958000000000000018,0.01773999999999999883
1703353360025784,0.01947000000000000119,0.01796000000000000027
1703353360110684,0,0.0189399999999999985
1703353360177734,0.1015500000000000014,0.02281000000000000041
1703353360260684,-0.01616000000000000075,0.08568000000000000616
1703353360337684,0,-0.01745000000000000023
1703353360346284,0.05172000000000000208,-4.000000000000000327e-05
1703353360422634,-0.05725000000000000228,0.0745200000000000029
1703353360430884,-0.01863000000000000073,0.07453999999999999515
1703353360504684,-0.01077000000000000006,0.02153000000000000053
1703353360512834,0.106109999999999996,0.01822000000000000008
1703353360597884,0,0.04376000000000000029
1703353360665934,-0.02344999999999999862,0.03248000000000000193
1703353360750834,0.0855199999999999988,0.01895000000000000157
1703353360827834,0.02145999999999999991,0.04862999999999999962
1703353360835934,0.02148999999999999869,0.06524000000000000632
1703353360912734,0.08595999999999999475,0.06239999999999999714
1703353360920834,0.08597000000000000475,0.0624100000000000002
1703353360988784,0.009709999999999999881,0.04916999999999999843
1703353361072784,-0.01410999999999999928,0.01635999999999999954
1703353361166784,0,0.08733000000000000485
1703353361158134,0.1073599999999999971,0.08719000000000000361
1703353361232734,0.09969000000000000083,0.03629999999999999893
1703353361240634,-0.02549999999999999836,0.06880999999999999617
1703353361315684,-0.620290000000000008,0.04895999999999999658
1703353361323634,0.06804999999999999938,0.03907000000000000056
1703353361408684,0,0.005819999999999999653
1703353361476734,0.02987000000000000072,0.04451000000000000095
1703353361570684,0,0.04000000000000000083
1703353361561784,0.0870599999999999985,0.03941999999999999671
1703353361639884,-0.01851999999999999827,0.01329999999999999932
1703353361647834,-0.02293999999999999859,0.01328000000000000014
1703353361732884,0,0.01409000000000000009
1703353361800784,0.01521999999999999915,0.06923999999999999599
1703353361894884,0,0.05949000000000000121
1703353361885734,0.06033000000000000168,0.05931000000000000161
1703353361962884,0.03151000000000000328,0.05861000000000000237
1703353361970934,0.06474000000000000588,0.05861000000000000237
1703353362055734,0,0.00725999999999999996
1703353362123784,0.04193999999999999811,0.06583999999999999575
1703353362208784,0.1061499999999999944,0.04857000000000000206
1703353362285634,0.07449999999999999678,0.007239999999999999908
1703353362293784,0.1542499999999999982,0.007349999999999999763
1703353362369784,-0.0413999999999999993,0.00764000000000000009
1703353362377884,-0.1363300000000000067,0.008420000000000000401
1703353362445784,0,0.05233000000000000151
1703353362530934,0.05190000000000000169,0.0616999999999999979
1703353362607734,0,0.01276000000000000051
1703353362615884,0.04585000000000000187,0.01336000000000000035
1703353362692784,0.0442999999999999991,0.0506599999999999967
1703353362700734,0.04431999999999999829,0.05081999999999999712
1703353362785934,0,0.05084000000000000324
1703353362853934,0.03253000000000000336,0.0464899999999999966
1703353362938934,0.02077000000000000027,0.04646999999999999742
1703353363015984,0.06958999999999999908,0.01337999999999999953
1703353363023784,0.0695999999999999952,0.01339000000000000086
1703353363100784,0.01020000000000000073,0.01559999999999999928
1703353363108784,0.01593999999999999931,0.02196000000000000035
1703353363193884,0,0.07395000000000000184
1703353363262034,0.09539000000000000257,0.07141999999999999738
1703353363346834,0.06173000000000000015,0.02140999999999999848
1703353363421684,0.118150000000000005,0.05240999999999999825
1703353363429934,0.0823799999999999949,0.05263000000000000317
1703353363504834,0.1283900000000000041,0.05247999999999999887
1703353363512884,0.1659700000000000064,0.0525300000000000003
1703353363588734,0.03452000000000000207,0.006989999999999999686
1703353363596834,0.1603300000000000003,0.007100000000000000408
1703353363663834,0,0.1436999999999999944
1703353363749884,0.07376000000000000612,0.06094999999999999724
1703353363826734,0.009969999999999999696,0.04313000000000000167
1703353363834884,0.009870000000000000301,0.04329000000000000209
1703353363911934,0.05118999999999999939,0.04336999999999999883
1703353363919984,0.05118999999999999939,0.04347000000000000169
1703353364004734,0,0.04338999999999999801
1703353364072984,0.09223000000000000642,0.03402000000000000163
1703353364157884,0.01661999999999999936,0.01510000000000000057
1703353364234834,0.02620000000000000107,-0.002040000000000000147
1703353364243384,0.02617999999999999841,-0.00209999999999999987
1703353364319834,0.01422,-0.0007399999999999999894
1703353364328034,0.004069999999999999833,-0.0004499999999999999877
1703353364395934,-0.03175999999999999657,-0.00124
1703353364481084,0.02335999999999999882,0.005579999999999999891
1703353364558034,0.0816800000000000026,0.005349999999999999721
1703353364566384,0.02136000000000000051,0.005490000000000000088
1703353364642884,0.07420999999999999819,0.07517000000000000071
1703353364650834,0.09357999999999999652,0.07513999999999999846
1703353364735884,0,0.07469000000000000639
1703353364803784,0.05673999999999999877,0.01383999999999999987
1703353364897984,0,0.01081999999999999976
1703353364889084,0.020119999999999999,0.01090999999999999956
1703353364965834,0.05689999999999999919,0.07294000000000000483
1703353364973884,0.05707999999999999879,0.07291000000000000258
1703353365050834,0.04216000000000000303,0.08092000000000000581
1703353365059034,0.04136000000000000093,0.07963000000000000633
1703353365211884,0.03277000000000000052,0.01252999999999999947
1703353365297034,0.07502000000000000335,0.09943000000000000449
1703353365373984,0.01993999999999999939,0.02918000000000000108
1703353365382084,0.01994999999999999898,0.02930999999999999925
1703353365458834,0.0371399999999999994,0.08028000000000000413
1703353365467034,0.0371399999999999994,0.08036000000000000087
1703353365534934,0.05877000000000000279,0.04930999999999999966
1703353365620034,0.05399000000000000327,0.04145000000000000073
1703353365713934,0,0.04143000000000000155
1703353365705034,0.01396999999999999978,0.04143000000000000155
1703353365781934,0.01410999999999999928,0.03903999999999999831
1703353365789934,0.0143199999999999994,0.03912999999999999812
1703353365942834,0.06857000000000000595,0.01460999999999999972
1703353366028034,0.05569000000000000339,0.04741000000000000075
1703353366120884,0,0.0115499999999999995
1703353366112484,0.04614000000000000046,0.01158000000000000002
1703353366186834,-0.03917999999999999955,0.01166999999999999982
1703353366195434,-0.1205200000000000021,0.01163999999999999931
1703353366271934,0.009379999999999999449,0.05893000000000000321
1703353366279784,0.02178000000000000075,0.05893999999999999934
1703353366430984,0.03388000000000000039,0.02083000000000000129
1703353366514834,0.07922999999999999488,0.03250000000000000111
1703353366592084,0,0.07753000000000000169
1703353366600434,0.1034899999999999987,0.07749000000000000332
1703353366676934,0.06995999999999999441,0.0143099999999999998
1703353366685034,0.06629999999999999782,0.01132999999999999979
1703353366838034,-0.001000000000000000021,0.02281000000000000041
1703353366922184,0.03311999999999999666,0.1490299999999999958
1703353366998984,0.0462199999999999972,0.0413999999999999993
1703353367007084,0.04472999999999999893,0.04082000000000000212
1703353367084084,0.002409999999999999816,0.04073000000000000231
1703353367092084,0.01405999999999999958,0.04071000000000000313
1703353367177134,0,0.01068999999999999985
1703353367245184,0.01068999999999999985,0.06822000000000000286
1703353367338984,0,0.07061000000000000609
1703353367330134,0.04469999999999999668,0.07062000000000000222
1703353367407134,0.03169000000000000289,0.02751999999999999932
1703353367414984,0.01434999999999999991,0.03366000000000000242
1703353367490834,0.07530000000000000582,-0.03153000000000000247
1703353367498934,0.1217099999999999987,-0.03151999999999999941
1703353367567084,0.0129099999999999996,0.09338000000000000467
1703353367651984,0.02637000000000000108,0.01203000000000000076
1703353367728984,0.02564999999999999919,0.04923999999999999905
1703353367737334,0.02565999999999999878,0.04923000000000000292
1703353367814084,0.02254000000000000101,0.0492099999999999968
1703353367821984,0.0516100000000000031,0.04923000000000000292
1703353367890034,0.03724000000000000227,0.01883999999999999911
1703353367975184,0.0716200000000000031,0.04422999999999999848
1703353368052084,-0.004559999999999999817,0.03878000000000000197
1703353368060484,0.007309999999999999658,0.03592999999999999666
1703353368137034,0.05686999999999999694,0.01822999999999999968
1703353368145084,0.05686999999999999694,0.01824999999999999886
1703353368297134,0.1576899999999999968,0.01643999999999999975
1703353368381134,0.02312000000000000166,0.04830000000000000265
1703353368458084,-0.009539999999999999869,0.05294000000000000095
1703353368466334,-0.001360000000000000098,0.05294000000000000095
1703353368543034,0.04891000000000000208,0.05312000000000000055
1703353368551134,0.03277999999999999664,0.05310999999999999749
1703353368619234,0.07259999999999999787,0.01447000000000000022
1703353368704134,0.07434999999999999942,0.01217999999999999985
1703353368780984,0.01264000000000000019,0.06192000000000000282
1703353368789234,0.03255999999999999867,0.06536000000000000143
1703353368865984,0.07220000000000000029,0.02886000000000000024
1703353368874084,0.06734999999999999321,0.02491000000000000159
1703353368942134,0,0.01252999999999999947
1703353369027084,0.0904400000000000065,0.01221000000000000037
1703353369104184,0.005329999999999999669,0.03040999999999999953
1703353369112234,0.01082999999999999935,0.04703000000000000236
1703353369188084,0.04886000000000000065,0.04861999999999999655
1703353369196084,0.1137100000000000055,0.05405000000000000082
1703353369282084,0,0.07459999999999999964
1703353369350134,0.0166600000000000012,0.03789000000000000007
1703353369433084,0.08007999999999999841,-0.005340000000000000129
1703353369516284,0.07219000000000000417,0.03740000000000000269
1703353369592184,-0.01980000000000000163,0.04082000000000000212
1703353369600034,-0.01977999999999999897,0.04488000000000000322
1703353369675134,0.2001600000000000046,0.04789999999999999813
1703353369683084,0.1839000000000000079,0.04807000000000000162
1703353369768034,0,-0.009010000000000000647
1703353369836184,0.03110999999999999877,0.09027999999999999914
1703353369920084,0.08312999999999999556,0.09277000000000000524
1703353369997234,-0.06633999999999999619,0.0159499999999999989
1703353370005184,0.01098999999999999977,0.01621999999999999831
1703353370082084,0.09234000000000000541,0.04277000000000000246
1703353370090084,0.1208000000000000046,0.0427599999999999994
1703353370158134,0.1197499999999999953,0.02988000000000000031
1703353370242084,0.07288000000000000034,0.04540999999999999898
1703353370336234,0,0.07671000000000000041
1703353370327234,-0.02781000000000000139,0.06868000000000000493
1703353370403084,0.01933999999999999955,0.001670000000000000043
1703353370411234,0.01561000000000000061,0.001670000000000000043
1703353370487184,0.1026100000000000068,0.0283500000000000002
1703353370495234,0.09529999999999999583,0.03860999999999999849
1703353370563284,0.04671999999999999764,0.04089000000000000273
1703353370647984,0.02852000000000000021,0.04687999999999999806
1703353370741184,0,0.04682000000000000051
1703353370732034,0.09957000000000000572,0.04683999999999999969
1703353370809034,0.05756000000000000005,0.02886999999999999983
1703353370817184,0.05181000000000000189,0.02203000000000000097
1703353370893184,0.007579999999999999932,0.01734000000000000125
1703353370901234,0.03746000000000000024,0.07897999999999999465
1703353370969084,0,0.08029000000000000026
1703353371052084,0.1195699999999999957,0.007510000000000000182
1703353371137334,0.03173000000000000126,0.07470999999999999863
1703353371214084,0.01805999999999999966,0.06665000000000000091
1703353371222234,0.01456000000000000003,0.06666999999999999316
1703353371299234,0.04791999999999999732,0.01108999999999999916
1703353371307184,0.04141000000000000236,0.01091999999999999915
1703353371375234,0.08178000000000000547,0.01094999999999999966
1703353371460284,-0.0721500000000000058,0.01179000000000000013
1703353371537184,-0.0181100000000000011,0.03479000000000000148
1703353371545534,-0.004089999999999999886,0.04014999999999999819
1703353371622234,-0.04571000000000000063,0.04041000000000000147
1703353371631184,0.03327000000000000096,0.0404199999999999976
1703353371716334,0,0.03799999999999999906
1703353371784334,0.02212000000000000077,0.01318000000000000074
1703353371868234,-0.006309999999999999637,0.06350000000000000089
1703353371944134,0.1583499999999999908,0.02495999999999999955
1703353371952384,0.1575999999999999901,0.02750999999999999973
1703353372028334,0.004720000000000000237,0.008600000000000000006
1703353372036134,0.01617999999999999994,0.00877999999999999961
1703353372112184,0.03644000000000000017,0.02304000000000000145
1703353372120234,0.03391999999999999876,0.02321000000000000146
1703353372188184,0.02094000000000000028,0.04626000000000000251
1703353372272184,0.07820000000000000562,0.09744999999999999496
1703353372354134,0.03398999999999999938,0.04728000000000000258
1703353372447334,0,0.03028000000000000136
1703353372438684,0.003729999999999999809,0.0302699999999999983
1703353372515084,0.02869999999999999982,0.06035000000000000087
1703353372523184,0.04995999999999999747,0.0603100000000000025
1703353372598234,0.04419000000000000011,0.1047000000000000014
1703353372606234,0.0785899999999999932,0.1347099999999999964
1703353372691284,0,0.0803200000000000025
1703353372758384,0.01669999999999999957,-0.05457000000000000045
1703353372843234,0.05625000000000000139,0.0666999999999999954
1703353372920334,0.02453999999999999931,0.002000000000000000042
1703353372928134,0.02673999999999999988,0.002230000000000000211
1703353373004234,0.09667000000000000592,-0.01209999999999999964
1703353373012284,0.09651999999999999469,-0.01179999999999999973
1703353373087284,0.2973899999999999877,0.004930000000000000354
1703353373095134,0.09248000000000000664,0.004830000000000000092
1703353373163334,0.08848999999999999921,0.00574000000000000031
1703353373247384,0.02678000000000000172,0.07256999999999999562
1703353373331384,0.1678699999999999914,0.02888999999999999901
1703353373408234,0.02649999999999999925,0.01175999999999999962
1703353373416234,0.02648000000000000007,0.01180999999999999932
1703353373493284,0.02645000000000000129,0.01213000000000000016
1703353373501234,0.02647000000000000047,0.01238999999999999997
1703353373569184,0.1299099999999999977,0.1529200000000000004
1703353373653234,0.1378399999999999903,0.02868000000000000063
1703353373730134,0.1037000000000000005,0.03926000000000000323
1703353373738234,0.1034500000000000003,0.06230000000000000121
1703353373812234,-0.008810000000000000123,-0.03477000000000000229
1703353373820484,0.03878000000000000197,-0.03472999999999999698
1703353373897284,-0.002490000000000000026,0.06753000000000000669
1703353373905134,0.08831999999999999573,0.06755999999999999506
1703353373988284,0,0.06386999999999999622
1703353374056284,0.05773999999999999966,0.06537999999999999368
1703353374140184,0.05016999999999999932,0.06822999999999999898
1703353374217334,-0.06811000000000000387,-0.0003600000000000000227
1703353374225834,-0.04766000000000000097,0.09976000000000000145
1703353374302434,0.04533999999999999836,0.06471999999999999975
1703353374310334,0.04678000000000000214,0.06471000000000000363
1703353374378384,0.01379999999999999977,0.04250999999999999918
1703353374463384,0.09972000000000000308,0.01849999999999999908
1703353374540234,0.04050000000000000128,0.01857999999999999929
1703353374548784,0.04793000000000000038,0.01901999999999999871
1703353374625234,0.06040999999999999842,0.07405000000000000471
1703353374633334,0.06024000000000000188,0.07402999999999999858
1703353374708234,0.04864000000000000268,0.02438999999999999849
1703353374716334,0.0652200000000000002,0.02637000000000000108
1703353374784434,0.05623999999999999833,0.1259399999999999964
1703353374869434,0.06476999999999999424,-0.003670000000000000085
1703353374962284,0,0.04662000000000000172
1703353374953334,0.02469000000000000014,0.04877000000000000085
1703353375030334,-0.01220000000000000077,0.04853999999999999981
1703353375038284,-0.0007799999999999999859,0.04855000000000000288
1703353375114284,0.05168999999999999984,0.1330099999999999894
1703353375122334,0.05170999999999999902,0.1215299999999999991
1703353375207334,0,0.09069000000000000672
1703353375275434,0.04127000000000000113,0.03522000000000000131
1703353375359434,-0.01165000000000000063,0.1451600000000000112
1703353375436334,0.04427999999999999992,0.02509000000000000119
1703353375444684,0.05569999999999999951,0.02214999999999999955
1703353375521284,0.03302999999999999686,0.04895000000000000046
1703353375529284,0.06180999999999999689,0.0642699999999999938
1703353375597484,0.0186699999999999991,-0.05215999999999999803
1703353375680434,0.05911000000000000282,0.03289000000000000257
1703353375765384,0.0388799999999999979,0.03291000000000000175
1703353375841434,0.06201000000000000262,0.05858000000000000013
1703353375849834,0.002589999999999999854,0.05872000000000000136
1703353375926284,0.1078500000000000014,0.05766000000000000292
1703353375934484,0.09325999999999999568,0.05653999999999999998
1703353376019384,0,0.03898000000000000076
1703353376087284,0.06569999999999999452,0.01115999999999999978
1703353376164334,0,0.03744999999999999718
1703353376172484,0.142660000000000009,0.1704299999999999982
1703353376248384,-0.1141599999999999976,-0.0545100000000000029
1703353376256284,-0.1042799999999999977,-0.0572599999999999984
1703353376331334,0.05818000000000000255,0.1122900000000000009
1703353376339484,0.05519000000000000294,0.111399999999999999
1703353376407384,0.04814000000000000223,0.0441199999999999995
1703353376492334,-0.01404999999999999999,0.04338000000000000189
1703353376585434,0,0.00877999999999999961
1703353376576534,0.04741999999999999688,0.008770000000000000018
1703353376653334,0.01141,0.0086999999999999994
1703353376661334,0.0114199999999999996,0.008710000000000000728
1703353376814484,0.09496999999999999886,0.03105000000000000121
1703353376899434,0.0370499999999999996,0.0500999999999999987
1703353376976384,0.05913999999999999813,0.03946999999999999814
1703353376984484,0.03880999999999999728,0.0394800000000000012
1703353377060334,0.04667000000000000315,0.04581999999999999962
1703353377068384,0.04673999999999999683,0.045749999999999999
1703353377153484,0,0.07058000000000000385
1703353377221484,0.01975000000000000019,0.03379000000000000059
1703353377306434,0.01951999999999999916,0.01319999999999999993
1703353377382434,0.09782000000000000417,0.06884999999999999454
1703353377390384,0.0977699999999999958,0.07351000000000000589
1703353377465434,0.04170000000000000095,-0.00419999999999999974
1703353377473434,0.03162000000000000227,0.01864000000000000032
1703353377549384,0.08065999999999999559,0.04268000000000000266
1703353377557384,0.07438000000000000167,0.0426699999999999996
1703353377625384,-0.03660000000000000059,-0.02732000000000000053
1703353377708334,0.05800000000000000294,0.01963000000000000161
1703353377790334,0.2352700000000000069,0.06675000000000000377
1703353377867434,0,0.08197000000000000119
1703353377875734,-0.00427999999999999995,0.08186000000000000221
1703353377952584,0.02001000000000000001,0.04118999999999999745
1703353377960534,0.02002999999999999919,0.0406600000000000017
1703353378113484,0.04592000000000000248,0.009839999999999999789
1703353378198434,0.004300000000000000003,0.01003000000000000072
1703353378275534,0.08169999999999999485,0.01111999999999999968
1703353378283784,0.1029000000000000054,0.01158000000000000002
1703353378360534,0.03348999999999999894,0.01467000000000000075
1703353378368434,0.05770999999999999741,0.01933999999999999955
1703353378436384,-0.08544000000000000206,0.0227399999999999998
1703353378522634,0.06285000000000000309,0.06884999999999999454
1703353378599484,0.1604700000000000015,0.06578000000000000513
1703353378607384,0.09322999999999999343,0.06574000000000000676
1703353378683534,0.01012000000000000052,-0.01064999999999999974
1703353378691334,0.05414999999999999675,0.03500000000000000333
1703353378764584,0.1357700000000000018,0.02173999999999999891
1703353378772534,0.1107699999999999935,0.05127999999999999919
1703353378857534,0,-0.006939999999999999988
1703353378924534,0.06626999999999999558,0.05401999999999999857
1703353379009634,-0.02408000000000000071,0.03176999999999999963
1703353379086484,0.1209599999999999981,0.01832999999999999907
1703353379095034,0.1209400000000000058,0.01836000000000000132
1703353379170534,0.005680000000000000153,0.01830999999999999989
1703353379178434,0.02467000000000000096,0.01830999999999999989
1703353379246584,0,0.01831999999999999948
1703353379331584,0.06257000000000000062,0.04689000000000000112
1703353379425434,0,0.03182000000000000106
1703353379416584,0.01612999999999999851,0.03182999999999999718
1703353379493584,0.01612999999999999851,0.02985000000000000153
1703353379501484,0.01614000000000000157,0.02954000000000000029
1703353379655534,0.06555999999999999328,0.01297000000000000063
1703353379739534,0.1479999999999999927,0.04392999999999999683
1703353379816634,0.04689000000000000112,0.03681000000000000244
1703353379824534,0.04692999999999999949,0.03679999999999999938
1703353379900534,0.0335900000000000018,0.01409000000000000009
1703353379908434,0.002560000000000000209,0.03157999999999999696
1703353379984434,0.005130000000000000011,0.05473999999999999699
1703353379992534,0.004420000000000000318,0.05475000000000000006
1703353380060584,0.0403700000000000031,0.01450000000000000074
1703353380144484,0.0617899999999999977,-0.04145000000000000073
1703353380227434,-0.02358000000000000027,0.005599999999999999943
1703353380319584,0,0.05934999999999999998
1703353380310534,0.03187999999999999862,0.05915999999999999731
1703353380387534,0.05906000000000000139,0.01284000000000000072
1703353380395584,0.06205000000000000099,0.04916000000000000231
1703353380549634,0.05847000000000000114,0.02394999999999999907
1703353380634584,-0.009490000000000000172,0.02837999999999999898
1703353380711634,0.05308000000000000218,0.02920999999999999985
1703353380719684,0.0530899999999999983,0.0451000000000000012
1703353380796634,0.05195000000000000312,-0.01459000000000000054
1703353380804584,0.05224999999999999784,-0.01454000000000000084
1703353380872484,0.05317999999999999811,0.005709999999999999798
1703353380957734,0.0244699999999999987,0.05387999999999999734
1703353381034634,0.01074999999999999914,0.02761999999999999872
1703353381042884,0.02910000000000000087,0.02731000000000000094
1703353381119684,0.03996999999999999859,0.05174000000000000127
1703353381127434,0.05693999999999999756,0.05172999999999999821
1703353381195584,0.02940999999999999864,0.05120999999999999858
1703353381280684,0.02945000000000000048,0.02783000000000000057
1703353381357534,0.02176000000000000156,0.05031999999999999668
1703353381366084,0.0211900000000000005,0.05020000000000000157
1703353381442634,0.009769999999999999171,0.01882999999999999952
1703353381450634,0.009799999999999999684,0.01883999999999999911
1703353381518484,0,0.05865999999999999687
1703353381602584,0.1428399999999999948,0.0515499999999999986
1703353381687534,-0.002230000000000000211,0.01027999999999999921
1703353381764484,0.02843000000000000041,0.05288000000000000339
1703353381772484,0.02844,0.05285999999999999727
1703353381926534,0.04730000000000000177,0.03307999999999999829
1703353382010684,-0.005210000000000000221,0.05458999999999999964
1703353382087584,0.005089999999999999906,0.05410999999999999838
1703353382095934,0.005139999999999999604,0.05407000000000000001
1703353382172684,0.06128000000000000114,0.05371999999999999692
1703353382180634,0.08644000000000000294,0.0537100000000000008
1703353382248684,-0.0007399999999999999894,0.01734000000000000125
1703353382333634,0.04461999999999999994,0.01555999999999999918
1703353382410484,0.05437999999999999778,0.04825999999999999734
1703353382418734,0.05433000000000000329,0.04825999999999999734
1703353382495684,0.05423000000000000043,0.01795000000000000068
1703353382503734,0.05471999999999999781,0.0172199999999999992
1703353382656684,0.04465000000000000219,0.01280000000000000061
1703353382739534,0.003079999999999999839,0.03536999999999999866
1703353382822634,0.02043999999999999984,0.04900000000000000189
1703353382899584,0.03971999999999999836,0.07195999999999999619
1703353382907584,0.03973000000000000143,0.07093000000000000693
1703353382984584,0.09468000000000000027,-0.006400000000000000307
1703353382992734,0.09465999999999999415,-0.005449999999999999983
1703353383059734,0.1067000000000000032,0.01688999999999999876
1703353383143484,0.003490000000000000047,0.05172999999999999821
1703353383227634,0.02355000000000000149,0.05170999999999999902
1703353383304734,-0.1615099999999999869,0.03951000000000000345
1703353383312534,-0.1391499999999999959,0.03978000000000000286
1703353383388684,-0.229670000000000013,0.03769000000000000128
1703353383396584,-0.09625999999999999834,0.03407000000000000306
1703353383548584,0.3587500000000000133,0.04009000000000000064
1703353383632684,0.1173700000000000021,0.02249999999999999917
1703353383709784,0.00429000000000000041,-0.09297999999999999321
1703353383717684,-0.00159000000000000005,-0.01226000000000000006
1703353383793684,0.05688,0.004899999999999999842
1703353383801684,0.05539000000000000173,0.005040000000000000209
1703353383869634,0,0.0531500000000000028
1703353383955584,0.07753000000000000169,0.0794900000000000051
1703353384032784,0.0296200000000000005,0.07431999999999999718
1703353384041084,0.02963000000000000009,0.06187000000000000138
1703353384117784,0.01723999999999999838,0.03710999999999999716
1703353384125734,0.01726000000000000104,0.033500000000000002
1703353384210784,0,0.01029000000000000054
1703353384277634,0.1221399999999999986,0.03812999999999999723
1703353384360584,0.05949999999999999734,0.07699000000000000288
1703353384436734,0,0.02633999999999999883
1703353384444684,-0.0005000000000000000104,0.02633999999999999883
1703353384521734,0.03620999999999999913,0.0317199999999999982
1703353384529734,0.0363399999999999973,0.03173000000000000126
1703353384614634,0,0.0314299999999999996
1703353384682784,0.0534699999999999967,0.02774000000000000077
1703353384767834,0.03889999999999999708,0.05915999999999999731
1703353384843834,0.09295000000000000484,-0.007620000000000000037
1703353384851934,0.01391000000000000049,-0.0008400000000000000348
1703353384928684,0.04735999999999999932,0.0008400000000000000348
1703353384936534,0.04737999999999999851,0.03357999999999999874
1703353385020734,0,0.06568000000000000227
1703353385088784,0.02299000000000000002,0.05004999999999999727
1703353385173884,0.01344000000000000056,-0.02767000000000000015
1703353385249684,-0.01239999999999999956,0.09327000000000000568
1703353385258184,-0.1164700000000000041,0.09299000000000000321
1703353385334784,0.06044000000000000067,0.008319999999999999271
1703353385342884,0.06042000000000000148,0.008300000000000000086
1703353385427734,0,0.03207999999999999741
1703353385495884,0.02730000000000000135,0.04109000000000000152
1703353385589834,0,0.04082999999999999824
1703353385580684,0.06092000000000000193,0.04084999999999999742
1703353385657684,0.0518800000000000025,0.0402800000000000033
1703353385665734,0.05165000000000000147,0.0403299999999999978
1703353385741884,0.0625,-0.005640000000000000048
1703353385749784,0.1056900000000000062,-0.01123999999999999999
1703353385817834,0.07874000000000000443,0.06962000000000000133
1703353385902684,0.02462999999999999912,-0.0616999999999999979
1703353385978684,0,0.02810999999999999957
1703353385987234,0.02733000000000000013,0.02756000000000000116
1703353386062784,0.05423999999999999655,0.02176000000000000156
1703353386070634,0.134319999999999995,0.02003999999999999879
1703353386146784,0.05283999999999999808,0.01434999999999999991
1703353386154834,0.1505900000000000016,0.01442000000000000053
1703353386222734,0.07868999999999999606,0.03601000000000000034
1703353386307834,0.009400000000000000369,0.01864999999999999991
1703353386384684,0.1028099999999999986,0.01278999999999999929
1703353386392884,0.0005599999999999999509,0.02247000000000000039
1703353386468784,0.05845999999999999808,0.03316000000000000197
1703353386476734,0.1469499999999999973,0.03323000000000000259
1703353386629934,0.01909999999999999892,0.0140300000000000008
1703353386714784,0.01915999999999999995,0.01067000000000000066
1703353386791734,0.03538000000000000173,0.01076000000000000047
1703353386800334,0.02079999999999999905,0.01080000000000000057
1703353386876884,0.07172000000000000597,0.01141
1703353386884934,0.07173000000000000209,0.01186000000000000075
1703353386969734,0,0.07220000000000000029
1703353387037984,0.02459000000000000075,0.04078999999999999987
1703353387122934,0.1053700000000000053,0.04175000000000000239
1703353387199634,0.03699999999999999817,0.03867999999999999911
1703353387207834,0.06303000000000000269,0.03876000000000000278
1703353387284834,0.0172199999999999992,0.02214999999999999955
1703353387292684,0.01017000000000000022,0.02171999999999999972
1703353387360934,0.008550000000000000308,0.05168999999999999984
1703353387444884,0.07087999999999999856,0.05160000000000000003
1703353387538734,0,0.03706000000000000266
1703353387529834,0.1021900000000000031,0.0376099999999999976
1703353387606834,0.03837000000000000133,0.03724999999999999839
1703353387614834,0.07484000000000000374,0.03719000000000000083
1703353387767884,0.05931999999999999773,0.01583000000000000032
1703353387852784,0.06271000000000000185,0.01821000000000000049
1703353387929984,0.009690000000000000696,0.0539800000000000002
1703353387937884,0.009190000000000000252,0.05441000000000000003
1703353388014934,0.06932000000000000661,0.03892999999999999933
1703353388022884,0.08311000000000000332,0.05471999999999999781
1703353388090784,0.01762999999999999984,0.09507999999999999785
1703353388175884,0.1190999999999999975,0.0580600000000000005
1703353388252884,0.1011599999999999999,0.009629999999999999671
1703353388260934,0.1016299999999999981,0.009629999999999999671
1703353388337934,0.003249999999999999851,0.01541000000000000009
1703353388345934,0.003249999999999999851,0.01856000000000000011
1703353388430884,0,0.02504999999999999935
1703353388498934,0.0412199999999999997,0.0311600000000000002
1703353388583984,0.01780999999999999944,0.07334000000000000241
1703353388659784,0.09385000000000000286,0.04263000000000000123
1703353388668384,0.09385000000000000286,0.04265999999999999653
1703353388744884,0.06519999999999999407,-0.0004800000000000000122
1703353388752834,0.0651599999999999957,0.03054000000000000117
1703353388836934,0,0.02923999999999999863
1703353388903934,0.06124999999999999889,0.02965999999999999887
1703353388986834,0.01129999999999999928,0.03579999999999999849
1703353389063834,0,0.0154800000000000007
1703353389071984,0.01217000000000000026,0.02435000000000000012
1703353389147884,0.03491999999999999965,0.06295000000000000595
1703353389155834,0.03493000000000000271,0.04408000000000000113
1703353389231934,0.08676999999999999991,-0.004479999999999999608
1703353389239734,0.08680000000000000215,0.01184999999999999942
1703353389307884,0.05630999999999999894,0.09478000000000000314
1703353389391834,0.06640999999999999681,0.03706999999999999879
1703353389468984,-0.3180299999999999794,0.06029000000000000331
1703353389476984,0.3380000000000000226,0.07803000000000000214
1703353389553934,-0.01708000000000000143,0.01422999999999999959
1703353389561834,0.05641999999999999793,0.01425000000000000051
1703353389713934,0.03210999999999999965,0.01358999999999999965
1703353389799034,0.03209000000000000047,0.02910000000000000087
1703353389875934,0.02169000000000000095,0.02905999999999999903
1703353389883934,0.02169000000000000095,0.02905999999999999903
1703353389961034,0.09553999999999999992,0.02889999999999999861
1703353389968834,0.09031000000000000139,0.02889999999999999861
1703353390036884,0,0.02949999999999999845
1703353390121784,0.03660999999999999671,0.0199299999999999998
1703353390198934,0,0.03082999999999999977
1703353390207084,0.04648000000000000048,0.03083999999999999936
1703353390283784,-0.0268100000000000005,0.0215599999999999993
1703353390292034,-0.008739999999999999505,0.02157999999999999849
1703353390377084,0,0.05061999999999999833
1703353390444984,0.04000000000000000083,0.0562799999999999967
1703353390529934,0.006720000000000000279,0.01972000000000000142
1703353390606984,0.09424000000000000432,0.06051999999999999741
1703353390615334,0.08300000000000000433,0.06083999999999999825
1703353390692084,0.00877999999999999961,0.06076000000000000151
1703353390699984,0.008789999999999999203,0.06053000000000000047
1703353390767834,0,0.09525000000000000133
1703353390852884,0.04225000000000000283,0.01301000000000000073
1703353390930034,0,0.02426000000000000031
1703353390937884,0.004839999999999999684,0.02616999999999999882
1703353391015084,0.0459900000000000031,0.06644999999999999518
1703353391023084,0.05258000000000000174,0.06640000000000000069
1703353391175884,0.0212899999999999999,0.01564000000000000112
1703353391260984,-0.01686999999999999958,0.05750999999999999862
1703353391338084,0.08269999999999999574,-0.01742000000000000146
1703353391346334,0.08268000000000000349,-0.01700000000000000122
1703353391422884,0.03984999999999999654,0.02072999999999999843
1703353391430834,-0.09646000000000000407,0.02074000000000000149
1703353391515084,0,0.02782000000000000098
1703353391582984,0.001619999999999999912,0.02851000000000000062
1703353391677984,0,0.08828999999999999349
1703353391669134,-0.03289000000000000257,0.08816000000000000225
1703353391746034,-0.008559999999999999901,0.03373000000000000304
1703353391753984,0.006069999999999999875,0.03561000000000000276
1703353391831034,0.02451000000000000054,0.03568000000000000338
1703353391838984,0.158400000000000013,0.03572000000000000175
1703353391907184,0.09739000000000000434,0.05875999999999999973
1703353391992134,0.01331000000000000065,0.04345000000000000251
1703353392068984,0.1005899999999999989,0.06418999999999999706
1703353392077534,0.100610000000000005,0.06468000000000000138
1703353392154134,0.03339000000000000301,0.04671999999999999764
1703353392162134,0.03337999999999999995,0.04633000000000000312
1703353392229984,0.08556999999999999329,0.01064000000000000015
1703353392315034,0.1200800000000000062,0.04179000000000000076
1703353392396934,0.00464999999999999962,0.01361000000000000057
1703353392474084,0.02755000000000000157,0.07918999999999999651
1703353392482184,0.02756000000000000116,0.07907999999999999752
1703353392559084,0.02753999999999999851,0.0488000000000000031
1703353392567134,0.02755000000000000157,0.0488000000000000031
1703353392634984,0.02690999999999999989,0.01297000000000000063
1703353392720134,0.006150000000000000085,0.04882999999999999841
1703353392813084,0,0.06378000000000000336
1703353392804084,0.06257999999999999674,0.09850000000000000422
1703353392879984,0.0557199999999999987,0.02094999999999999987
1703353392888034,0.1120199999999999946,0.02034000000000000044
1703353392964984,0.02276999999999999857,0.01329999999999999932
1703353392973034,0.02279000000000000123,0.01348000000000000066
1703353393041034,0.02272000000000000061,0.1389299999999999979
1703353393126134,0.04719000000000000278,0.06715000000000000135
1703353393203084,0.03998999999999999777,0.02650999999999999884
1703353393211584,0.04572999999999999982,0.02650999999999999884
1703353393286034,-0.02546999999999999958,-0.0392399999999999971
1703353393294034,-0.006550000000000000266,-0.04802000000000000018
1703353393370934,0.2598199999999999954,0.01702000000000000041
1703353393378934,0.2519500000000000073,0.01695999999999999938
1703353393447134,0.05176000000000000045,0.01823999999999999927
1703353393532184,0.04970999999999999724,0.05784000000000000252
1703353393609034,0.05383000000000000285,0.01365000000000000067
1703353393617534,0.05392999999999999877,0.01370999999999999996
1703353393693934,0.0494500000000000009,0.03715000000000000246
1703353393701984,0.0494500000000000009,0.0371399999999999994
1703353393787134,0,0.05177999999999999964
1703353393854984,0.06685000000000000664,0.05140000000000000124
1703353393948934,0,0.02740000000000000074
1703353393940184,-0.02305000000000000104,0.02850000000000000103
1703353394016084,0.03436999999999999778,-0.001830000000000000029
1703353394024184,0.01525999999999999926,-0.003459999999999999968
1703353394100084,0.1490799999999999903,0.02344999999999999862
1703353394108134,0.1896200000000000108,0.02704000000000000153
1703353394192034,0,-0.005440000000000000391
1703353394259184,0.07606000000000000261,-0.01396000000000000019
1703353394344034,-0.01789999999999999925,0.06428999999999999992
1703353394421134,0.02972999999999999948,-0.03629000000000000281
1703353394429134,0.02974999999999999867,-0.01251000000000000029
1703353394505034,0.02912999999999999964,-0.04526000000000000162
1703353394513034,0.02910000000000000087,-0.03851000000000000256
1703353394581134,0.00719000000000000021,-0.04243999999999999856
1703353394666234,0.05258000000000000174,0.01319999999999999993
1703353394759134,0,0.06345000000000000639
1703353394750084,0.006369999999999999794,0.06340999999999999415
1703353394827034,0.0984199999999999936,0.117360000000000006
1703353394835134,0.1144000000000000017,0.1170699999999999935
1703353394911034,0.01213000000000000016,-0.03574000000000000093
1703353394919084,0.01119999999999999989,-0.02804999999999999855
1703353394987234,0.01813000000000000028,-0.02164999999999999911
1703353395072134,-0.02072999999999999843,0.1071600000000000052
1703353395149184,0.04551000000000000184,0.01614000000000000157
1703353395157484,0.0455699999999999994,0.01306000000000000043
1703353395234034,0.04655999999999999722,0.006000000000000000125
1703353395242034,0.04655999999999999722,0.006170000000000000137
1703353395310234,0.01497000000000000067,0.045190000000000001
1703353395395234,0.08493000000000000549,0.0514599999999999988
1703353395472184,0.1069599999999999995,-0.0194600000000000016
1703353395480584,0.09066000000000000447,0.008649999999999999703
1703353395554184,0.08042000000000000537,0.01490000000000000005
1703353395562484,0.08490000000000000324,0.01502000000000000036
1703353395639234,0.1725200000000000067,0.0376999999999999974
1703353395647134,0.1567500000000000004,0.03769000000000000128
1703353395732284,0,0.036310000000000002
1703353395800084,0.04488999999999999935,0.03765000000000000291
1703353395885034,0.04048000000000000209,0.03763999999999999985
1703353395961234,0.02902000000000000066,0.063619999999999996
1703353395969334,0.02923999999999999863,0.08155999999999999361
1703353396046184,0.06812999999999999612,0.06879000000000000392
1703353396054234,0.06819000000000000061,0.05598000000000000198
1703353396205184,0.04893999999999999739,0.07524999999999999745
1703353396290134,0.019560000000000001,0.008030000000000000679
1703353396367184,0,0.008240000000000000796
1703353396375534,0.06047000000000000292,0.01031999999999999931
1703353396452084,0.04556000000000000327,0.04062000000000000333
1703353396460184,0.04558999999999999858,0.04062999999999999945
1703353396545234,0,0.04571999999999999675
1703353396612284,0.02411999999999999908,-0.01833999999999999866
1703353396697234,0.02410999999999999949,0.07190000000000000557
1703353396780184,-0.01828000000000000111,0.0101499999999999993
1703353396856084,-0.01277999999999999969,0.1000299999999999939
1703353396864234,-0.006740000000000000331,0.09715999999999999637
1703353396940184,0.01225000000000000047,-0.03427000000000000185
1703353396948184,0.01243999999999999967,-0.03846999999999999725
1703353397101184,0.0552500000000000005,0.01781999999999999904
1703353397186234,0.1470499999999999863,0.05564000000000000196
1703353397263084,0.08822000000000000675,0.05707999999999999879
1703353397271734,0.06167000000000000259,0.05714000000000000329
1703353397348334,0.0006800000000000000488,-0.00602999999999999977
1703353397356184,0.0008800000000000000313,-0.004100000000000000346
1703353397424134,0.06149000000000000299,0.04624999999999999944
1703353397508334,0.1520299999999999985,0.1211399999999999977
1703353397592184,0.1224500000000000033,-0.03828000000000000153
1703353397669284,0.04077999999999999681,0.004539999999999999765
1703353397677384,0.03855000000000000093,0.01751000000000000126
1703353397754234,0.01152000000000000073,0.03148000000000000104
1703353397762134,0.01153999999999999991,0.03148999999999999716
1703353397830384,0.01568999999999999909,0.03148000000000000104
1703353397915234,0.03175999999999999657,0.0314299999999999996
1703353397992384,0.03135999999999999899,0.03137000000000000205
1703353398000184,0.03135999999999999899,0.03144000000000000267
1703353398077284,0.01615000000000000116,0.005859999999999999758
1703353398085234,0.01617000000000000035,0.005899999999999999863
1703353398169184,0,0.04825000000000000122
1703353398237284,-0.01020000000000000073,0.03366000000000000242
1703353398331334,0,0.03363000000000000017
1703353398322234,0.03348999999999999894,0.03363000000000000017
1703353398398234,0.03355000000000000343,0.01553999999999999999
1703353398406334,0.03352000000000000118,0.01569999999999999868
1703353398483384,0.01144000000000000052,0.02027999999999999942
1703353398491334,0.01144000000000000052,0.0451000000000000012
1703353398559234,0.02767000000000000015,0.001809999999999999977
1703353398643284,0.05881000000000000116,0.03491999999999999965
1703353398727284,0.02274999999999999939,0.002160000000000000028
1703353398803184,0.05122999999999999776,0.01959999999999999937
1703353398811184,0.1217000000000000026,0.01969999999999999876
1703353398885234,0.04497000000000000303,-0.002589999999999999854
1703353398893284,0.1576599999999999946,0.03604999999999999871
1703353398970234,-0.002350000000000000092,0.03246000000000000274
1703353398978334,-0.002170000000000000054,0.03248999999999999805
1703353399063284,0,0.02263000000000000081
1703353399131334,0.008519999999999999796,0.03574999999999999706
1703353399208184,0.04180999999999999994,0.03771999999999999659
1703353399216334,0.08472000000000000364,0.03821999999999999703
1703353399291334,0.02364000000000000129,0.01897000000000000075
1703353399299284,0.02350000000000000006,0.01907999999999999974
1703353399374184,0.1082300000000000068,0.02188999999999999974
1703353399382434,0.09503999999999999948,0.02187000000000000055
1703353399534334,0.06248999999999999694,0.02329000000000000167
1703353399619384,0.01242000000000000048,-0.03608000000000000096
1703353399696384,0.03685999999999999693,-0.01068000000000000026
1703353399704334,0.04109000000000000152,-0.01063000000000000056
1703353399781334,0.03719999999999999696,-0.00451000000000000012
1703353399789334,0.04578000000000000125,-0.004479999999999999608
1703353399874384,0,0.05505000000000000171
1703353399941334,0.004170000000000000095,-0.03271000000000000296
1703353400024434,0.08394000000000000072,0.07448000000000000453
1703353400117234,0,0.05451999999999999902
1703353400108334,0.04288999999999999757,0.0549199999999999966
1703353400184234,0.02724999999999999992,-0.003619999999999999954
1703353400192184,0.04929000000000000048,0.0009799999999999999684
1703353400345234,-0.03744999999999999718,0.008970000000000000542
1703353400430434,0.006300000000000000044,0.07194000000000000394
1703353400507234,0.01835000000000000173,-0.0501899999999999985
1703353400515384,0.01907000000000000015,-0.04742999999999999994
1703353400592384,0.09896000000000000629,0.008850000000000000228
1703353400600384,0.1129899999999999932,0.008970000000000000542
1703353400668384,0.01039999999999999952,0.1356900000000000051
1703353400752484,0.0433199999999999974,-0.0370499999999999996
1703353400829184,-0.06607000000000000373,0.06764000000000000568
1703353400837284,-0.09822000000000000175,0.09550000000000000155
1703353400912384,0.1898799999999999932,0.01851999999999999827
1703353400920384,0.07056999999999999384,0.01353999999999999995
1703353400996334,-0.003619999999999999954,0.006899999999999999883
1703353401004334,0.0224600000000000008,0.00915999999999999974
1703353401072484,0.05131000000000000144,0.06744999999999999607
1703353401156284,0.1229200000000000015,0.008000000000000000167
1703353401249384,0,0.04859999999999999737
1703353401240384,0.01192999999999999963,0.04861999999999999655
1703353401317384,0.008259999999999999981,0.05331999999999999934
1703353401325534,0.008259999999999999981,0.0533300000000000024
1703353401478284,0.03520999999999999824,0.04827000000000000041
1703353401562384,-0.02976000000000000173,0.04798000000000000181
1703353401655434,0,0.01412000000000000061
1703353401646534,0.03300999999999999768,0.01422
1703353401722484,0.05222000000000000253,0.04977999999999999786
1703353401730634,0.05288999999999999951,0.04979999999999999705
1703353401806484,0.01125999999999999918,0.0008400000000000000348
1703353401814484,0.01000000000000000021,0.001430000000000000064
1703353401882384,0.02522999999999999896,0.003989999999999999623
1703353401967584,0.0574100000000000027,0.02695000000000000173
1703353402044434,0.04281000000000000083,-0.09690000000000000002
1703353402052784,0.04281000000000000083,-0.09646000000000000407
1703353402128434,0.04236999999999999794,0.06555999999999999328
1703353402136484,0.04238999999999999713,0.06565999999999999615
1703353402289384,0.07395000000000000184,0.07283000000000000584
1703353402374584,0.07104000000000000592,0.04651000000000000273
1703353402451434,0.01788000000000000006,0.01174000000000000044
1703353402459534,0.01782999999999999863,0.01173000000000000084
1703353402536334,0.01468000000000000034,0.01163999999999999931
1703353402544484,0.01472000000000000045,0.01165000000000000063
1703353402612284,0.04669999999999999846,0.02221000000000000058
1703353402696584,0.02131999999999999867,-0.01400000000000000029
1703353402773334,-0.03687,0.04257999999999999979
1703353402781534,-0.03656999999999999834,0.05158000000000000085
1703353402858484,0.03382000000000000284,0.06239999999999999714
1703353402866534,0.06201000000000000262,0.06300000000000000044
1703353402951484,0,0.04388999999999999846
1703353403019584,0.004850000000000000144,-0.0210100000000000009
1703353403104484,0.08441999999999999504,0.04379999999999999866
1703353403181534,0.03484999999999999903,0.02732000000000000053
1703353403189684,0.05458999999999999964,0.02732000000000000053
1703353403266434,0.08595999999999999475,0.02756000000000000116
1703353403274334,0.120840000000000003,0.02755000000000000157
1703353403342534,0,0.03169000000000000289
1703353403426534,0.03631999999999999812,0.02348000000000000087
1703353403520334,0,0.04465999999999999831
1703353403511434,0.07760000000000000231,0.04535000000000000142
1703353403587484,0.09414000000000000146,0.0456599999999999992
1703353403595484,0.09425999999999999657,0.04610000000000000209
1703353403672484,0.007830000000000000154,0.04651000000000000273
1703353403680384,0.007790000000000000049,0.05306999999999999912
1703353403748384,0.03266000000000000153,0.07686999999999999389
1703353403833484,0.0250800000000000016,0.01393999999999999927
1703353403910384,0.0126300000000000006,0.01392000000000000008
1703353403918984,0.01371999999999999956,0.01392000000000000008
1703353403995534,0.03839999999999999664,-0.01162999999999999971
1703353404003384,0.03837999999999999745,-0.01489000000000000046
1703353404088384,0,0.1477600000000000025
1703353404155434,0.01362000000000000016,-0.05004000000000000115
1703353404240434,0.005590000000000000351,0.01389999999999999916
1703353404317384,0.05322999999999999954,0.0799600000000000033
1703353404325784,0.0532400000000000026,0.07988000000000000655
1703353404402534,0.03558000000000000052,0.05818999999999999867
1703353404410534,0.03556999999999999745,0.05818000000000000255
1703353404478484,-0.1018199999999999938,0.01642000000000000057
1703353404561484,0.02617999999999999841,0.009499999999999999764
1703353404645384,0.00436000000000000016,0.009520000000000000684
1703353404721384,0.004389999999999999805,0.009620000000000000079
1703353404729834,0.04055000000000000271,0.009669999999999999776
1703353404804484,0.1011900000000000022,0.109380000000000005
1703353404812584,-0.00436000000000000016,0.1025900000000000006
1703353404889434,0.0704899999999999971,0.03289999999999999869
1703353404897534,0.0496300000000000005,0.03307000000000000217
1703353404965534,0.008460000000000000506,0.03302000000000000074
1703353405050684,0.04157999999999999891,0.0293400000000000015
1703353405133434,0.1120700000000000029,0.136449999999999988
1703353405225484,0,0.01731999999999999859
1703353405216534,0.07717000000000000248,0.01731999999999999859
1703353405292534,0.02623999999999999944,0.02341999999999999985
1703353405300584,0.02718999999999999889,0.02346000000000000169
1703353405375584,0.00725999999999999996,0.16502
1703353405383584,0.02861999999999999961,0.1467499999999999916
1703353405451584,0.06733000000000000096,0.05929000000000000242
1703353405536584,0.03366000000000000242,0.03033999999999999891
1703353405630434,0,0.01452999999999999951
1703353405621584,-0.01437000000000000083,0.01452999999999999951
1703353405698634,-0.0001299999999999999886,0.01358000000000000006
1703353405706384,0.1126500000000000001,0.01358000000000000006
1703353405782634,-0.01221999999999999996,0.05288000000000000339
1703353405790534,0.1155700000000000061,0.05288000000000000339
1703353405858634,0.03212999999999999884,0.06008000000000000146
1703353405942634,0.03833000000000000296,0.05906999999999999751
1703353406025634,0.03592000000000000054,0.01940000000000000058
1703353406117584,0,-0.04546999999999999653
1703353406108534,0.05061999999999999833,-0.04551999999999999796
1703353406185584,0.05049000000000000016,0.07936999999999999611
1703353406193684,0.06812,0.07213999999999999579
1703353406270584,0.05584000000000000075,0.01298000000000000022
1703353406278634,0.07431999999999999718,0.01523000000000000048
1703353406346484,0.01874999999999999931,0.03509000000000000313
1703353406431584,0.009509999999999999357,0.02942000000000000171
1703353406508684,0.02049000000000000127,0.02858000000000000124
1703353406516884,0.02259999999999999856,0.04716999999999999665
1703353406593684,-0.05924999999999999711,0.05263999999999999929
1703353406601484,-0.02595000000000000084,0.05276999999999999746
1703353406670684,0.02897999999999999882,0.08711000000000000687
1703353406754734,0.02469000000000000014,0.04567000000000000226
1703353406837534,0.009499999999999999764,0.02545999999999999999
1703353406913534,0.03953000000000000264,0.03511999999999999844
1703353406921484,0.1590100000000000124,0.03549999999999999684
1703353406997734,0.03853999999999999787,0.01106000000000000039
1703353407005584,0.02087999999999999926,0.01111000000000000008
1703353407081634,-0.00159000000000000005,0.009769999999999999171
1703353407089484,-0.1709299999999999986,0.009889999999999999486
1703353407173634,0,0.01902999999999999831
1703353407240634,0.1219299999999999967,-0.04832000000000000184
1703353407324584,0.1184000000000000052,0.08161000000000000199
1703353407417534,0,0.07555000000000000604
1703353407409084,0.03978999999999999898,0.07555000000000000604
1703353407485634,-0.00268000000000000009,0.007919999999999999957
1703353407493684,0.01729999999999999941,0.007900000000000000772
1703353407661634,0,-0.02722000000000000114
1703353407728534,-0.0006199999999999999999,-0.03814000000000000029
1703353407811684,0.03835000000000000214,0.03876999999999999891
1703353407888484,0.03880999999999999728,0.04388000000000000234
1703353407896834,0.05990000000000000185,0.0510800000000000004
1703353407973784,0.07045999999999999486,0.04658000000000000335
1703353407981734,0.07736999999999999433,0.04660999999999999865
1703353408066634,0,0.03280000000000000276
1703353408134684,0.01491999999999999924,0.05469999999999999862
1703353408227734,0,-0.003550000000000000204
1703353408218734,0.02854999999999999899,-0.003540000000000000178
1703353408294584,0.02829999999999999877,-0.01485000000000000035
1703353408302684,0.02827999999999999958,0.02782000000000000098
1703353408378684,0.08404000000000000359,0.01400000000000000029
1703353408386684,0.08404000000000000359,0.01379000000000000017
1703353408471734,0,0.01007000000000000083
1703353408539584,0.1766699999999999937,0.02318999999999999881
1703353408623534,-0.1015599999999999975,0.091499999999999998
1703353408716634,0,0.04791999999999999732
1703353408708034,0.05548999999999999766,0.04789999999999999813
1703353408783534,0.03337999999999999995,-0.001729999999999999984
1703353408791534,0.03307000000000000217,0.03524000000000000049
1703353408866534,0.04272999999999999715,0.04676999999999999907
1703353408874634,0.04281999999999999695,0.04680000000000000132
1703353408959734,0,0.008959999999999999215
1703353409027684,0.1646299999999999986,0.05491000000000000048
1703353409111784,0.01200000000000000025,-0.001809999999999999977
1703353409188734,0.01182000000000000065,0.0127200000000000004
1703353409196634,0.01212000000000000056,0.01271000000000000081
1703353409273784,0.02399000000000000091,0.01609999999999999973
1703353409281734,0.0252600000000000012,0.01636999999999999914
1703353409366784,0,0.02334999999999999923
1703353409434684,0.01071000000000000077,0.04553000000000000103
1703353409519634,0.01012000000000000052,0.06622999999999999721
1703353409596584,0.03022000000000000033,0.0153500000000000008
1703353409604734,0.03021000000000000074,0.01391000000000000049
1703353409681734,0.03022000000000000033,0.008410000000000000808
1703353409689634,0.0302599999999999987,0.008420000000000000401
1703353409757834,0.04879000000000000004,0.008429999999999999993
1703353409843684,0.04175999999999999851,0.04667999999999999927
1703353409920584,0.06388000000000000622,0.01790999999999999884
1703353409929234,0.06389000000000000234,0.04930999999999999966
1703353410004684,-6.999999999999999387e-05,0.008399999999999999481
1703353410012684,-0.004270000000000000358,0.008460000000000000506
1703353410087634,0.02913999999999999924,0.1379700000000000093
1703353410095584,0.02915999999999999842,0.1307599999999999874
1703353410163784,0.06004000000000000309,-0.03413000000000000062
1703353410247684,-0.02350999999999999965,0.06614000000000000434
1703353410324684,-0.0604000000000000023,0.02764000000000000137
1703353410333334,-0.02607999999999999902,0.01827000000000000152
1703353410408684,0.02804999999999999855,0.01161000000000000053
1703353410416684,0.02806000000000000161,0.01158000000000000002
1703353410502784,0,0.03108999999999999958
1703353410570884,0.06464000000000000301,0.05562999999999999889
1703353410655734,0.06771000000000000629,0.05809000000000000274
1703353410731834,0.05238999999999999907,-0.04214999999999999997
1703353410740184,0.09325999999999999568,-0.03781999999999999945
1703353410815834,0.05004999999999999727,-0.0501600000000000032
1703353410823684,0.07749999999999999944,-0.06623999999999999333
1703353410908784,0,0.02230000000000000038
1703353410976784,0.06396999999999999909,0.04524999999999999856
1703353411070834,0,0.06554000000000000103
1703353411061834,0.03271000000000000296,0.06553000000000000491
1703353411138684,0.03438999999999999696,0.0201099999999999994
1703353411146734,0.03438999999999999696,0.01781999999999999904
1703353411223784,0.02929000000000000006,0.009610000000000000486
1703353411231734,0.02929000000000000006,0.009610000000000000486
1703353411299734,0.02203000000000000097,0.009669999999999999776
1703353411384934,0.01115000000000000019,0.01124999999999999958
1703353411476734,0,0.03064000000000000057
1703353411467634,0.1116999999999999937,0.0475799999999999973
1703353411544734,0.03153000000000000247,0.05591000000000000136
1703353411552834,0.01274999999999999918,0.05564999999999999808
1703353411638684,0,0.0128199999999999998
1703353411706784,0.09772000000000000131,0.005049999999999999802
1703353411790934,-0.1254000000000000115,0.04114000000000000296
1703353411866884,0.001289999999999999914,0.05711000000000000104
1703353411874984,0.04331000000000000127,0.05899999999999999689
1703353411950834,0.1285999999999999921,0.05874000000000000055
1703353411958834,0.1287999999999999978,0.05874999999999999667
1703353412043834,0,-0.01332999999999999984
1703353412109784,0.1347099999999999964,0.02171999999999999972
1703353412193734,0.05156000000000000166,0.07202999999999999681
1703353412275884,0.1017900000000000055,-0.007400000000000000328
1703353412368784,0,0.07334000000000000241
1703353412359734,0.06782000000000000528,0.07202000000000000068
1703353412436834,0.1579200000000000048,0.02534000000000000141
1703353412444784,0.1616100000000000037,0.02534000000000000141
1703353412521884,0.04923999999999999905,0.02639999999999999986
1703353412529634,0.05961000000000000326,0.0271799999999999993
1703353412597834,-0.01532999999999999988,0.01606000000000000136
1703353412682784,0.008980000000000000135,0.01617999999999999994
1703353412759734,0.03173999999999999738,0.01632000000000000117
1703353412767784,0.07681000000000000327,0.01676000000000000059
1703353412844834,-0.01048999999999999932,0.01778000000000000067
1703353412852734,-0.01046000000000000055,0.02637000000000000108
1703353412920884,0.03865999999999999992,0.06112999999999999684
1703353413006034,0.03688000000000000306,0.03654000000000000303
1703353413082934,0.033500000000000002,0.04005000000000000226
1703353413090984,0.04685999999999999888,0.04005000000000000226
1703353413167784,-0.03309000000000000136,0.0524400000000000005
1703353413175834,-0.01822999999999999968,0.05240999999999999825
1703353413326984,-0.007150000000000000105,0.01484000000000000076
1703353413411884,0.003399999999999999811,0.07163999999999999535
1703353413488784,0.001979999999999999989,0.0351300000000000015
1703353413497334,0.005290000000000000431,0.03359999999999999792
1703353413572884,0.08200999999999999956,-0.0004499999999999999877
1703353413580884,0.08198999999999999344,0.03590000000000000135
1703353413665934,0,0.03264000000000000234
1703353413733984,0.03724000000000000227,0.03139000000000000123
1703353413827834,0,0.01474999999999999922
1703353413818934,-0.02125000000000000153,0.01474999999999999922
1703353413895934,0.04404999999999999888,0.04529999999999999999
1703353413903834,0.04422000000000000236,0.05061999999999999833
1703353414056884,0.03556999999999999745,0.05466000000000000025
1703353414141834,0.04030999999999999861,0.06003000000000000003
1703353414233884,0,0.004109999999999999938
1703353414224884,0.06511000000000000121,0.004150000000000000043
1703353414300984,0.03051999999999999852,0.02016000000000000084
1703353414309384,0.03051999999999999852,0.02016000000000000084
1703353414385984,0.02767999999999999974,-0.02810999999999999957
1703353414393884,0.02766000000000000056,-0.03298000000000000237
1703353414461984,0.07370999999999999774,-0.004930000000000000354
1703353414546784,0.01583999999999999991,0.08297000000000000208
1703353414622834,0.02471999999999999892,0.08898000000000000353
1703353414631434,0.02471999999999999892,0.08891000000000000292
1703353414707834,0.04370999999999999885,0.03425999999999999879
1703353414715934,0.04363999999999999824,0.02494000000000000036
1703353414800984,0,0.04676000000000000295
1703353414867834,0.0494500000000000009,0.01986999999999999877
1703353414952884,0.05015000000000000013,0.05727999999999999758
1703353415029934,0.04923000000000000292,0.06364999999999999825
1703353415038384,0.04997999999999999665,0.06365999999999999437
1703353415113984,-0.02313000000000000125,0.0360699999999999979
1703353415122034,0.06040999999999999842,0.03452999999999999819
1703353415274884,-0.1335199999999999998,0.01311999999999999972
1703353415359034,0.07315000000000000668,0.02693999999999999867
1703353415435834,0.04748000000000000137,0.08362999999999999601
1703353415444084,0.04746999999999999831,0.08304999999999999882
1703353415520834,0.009220000000000000764,0.08457000000000000628
1703353415528834,0.009220000000000000764,0.08455000000000000016
1703353415597084,0.009749999999999999986,0.06950000000000000622
1703353415681134,-0.06173000000000000015,0.03683000000000000163
1703353415764934,-0.06360999999999999988,0.05809999999999999887
1703353415840884,0.06685000000000000664,0.01068000000000000026
1703353415848934,0.06504000000000000059,0.01038000000000000034
1703353415924934,0.1036099999999999938,0.03153000000000000247
1703353415932984,0.115790000000000004,0.03420000000000000123
1703353416017984,0,0.07041000000000000036
1703353416084884,0.04492000000000000159,0.05458999999999999964
1703353416168934,-0.02547999999999999918,-0.04107000000000000234
1703353416251984,0.1645000000000000073,0.1100300000000000028
1703353416327934,0.02222000000000000017,0.03141000000000000042
1703353416335984,0.02215999999999999914,0.1743200000000000027
1703353416412884,0.02222000000000000017,0.05952999999999999958
1703353416420884,0.02222000000000000017,0.05952999999999999958
1703353416573034,0.04007000000000000145,0.01878000000000000155
1703353416657934,0.04044999999999999984,0.05648999999999999855
1703353416735084,0.04997000000000000053,-0.004689999999999999725
1703353416743484,0.04997000000000000053,-0.00464999999999999962
1703353416819984,0.04925999999999999823,0.06465999999999999526
1703353416827884,0.04927999999999999742,0.064750000000000002
1703353416895934,0.09167000000000000148,0.03531000000000000111
1703353416980984,0.02511999999999999997,0.03534999999999999948
1703353417058084,0.05306999999999999912,0.01938000000000000139
1703353417065934,0.08218999999999999917,0.01938000000000000139
1703353417143034,0.03853999999999999787,-0.03796999999999999681
1703353417151134,0.03116999999999999979,-0.04216000000000000303
1703353417236134,0,0.1101800000000000002
1703353417303134,0.03303999999999999992,-0.02434000000000000052
1703353417387084,0.03235999999999999988,0.07394000000000000572
1703353417464034,0.02820999999999999897,0.02191999999999999851
1703353417472334,0.02827999999999999958,0.02032000000000000126
1703353417548034,0.03293999999999999706,0.0007699999999999999597
1703353417556034,0.03298999999999999849,0.001840000000000000056
1703353417631984,0.02486000000000000015,0.1348999999999999921
1703353417640084,0.02312000000000000166,0.1257699999999999929
1703353417707934,0.0115499999999999995,0.03348999999999999894
1703353417792134,0.02896999999999999922,0.01531000000000000069
1703353417885084,0,0.01528999999999999977
1703353417875934,0.007309999999999999658,0.01549999999999999989
1703353417953084,0.02210000000000000159,0.03563999999999999807
1703353417961034,0.02211000000000000118,0.05303000000000000075
1703353418038034,0.02194000000000000117,0.06215999999999999998
1703353418045984,0.02194000000000000117,0.06217999999999999916
1703353418113984,0.02132999999999999827,0.02898999999999999841
1703353418199084,0.07033000000000000362,0.04732999999999999707
1703353418276084,0.01042000000000000044,0.02135000000000000092
1703353418284384,0.01039999999999999952,0.01952999999999999875
1703353418361084,0.01009000000000000001,0.01423999999999999919
1703353418369034,0.01552000000000000081,0.01425000000000000051
1703353418437184,0.06646000000000000518,0.06772000000000000242
1703353418523134,0.02197999999999999954,-0.006700000000000000226
1703353418616934,0,0.04538999999999999979
1703353418608034,0.01409999999999999969,0.04538999999999999979
1703353418684934,0.03948999999999999733,0.01518000000000000078
1703353418693134,0.0391499999999999973,0.01446000000000000063
1703353418769984,-0.02050000000000000086,0.01178000000000000054
1703353418777984,-0.001840000000000000056,0.01187999999999999994
1703353418846234,0.07810999999999999888,0.01461999999999999932
1703353418931034,0.004309999999999999595,0.01784000000000000169
1703353419008134,0.0272699999999999991,0.01818000000000000171
1703353419016134,0.05476000000000000312,0.01830000000000000029
1703353419093134,0.002419999999999999842,0.01845000000000000112
1703353419101034,-0.0007699999999999999597,0.02021999999999999839
1703353419169134,0.03511000000000000232,-0.02173999999999999891
1703353419254234,0.06890999999999999903,0.06180000000000000077
1703353419347134,0,0.04290000000000000063
1703353419338234,0.1160400000000000043,0.04270999999999999797
1703353419414984,-0.009050000000000000752,0.0188499999999999987
1703353419423134,-0.01995999999999999858,-0.002439999999999999895
1703353419500134,-0.01125999999999999918,0.09045000000000000262
1703353419507934,0.101949999999999999,0.09057999999999999385
1703353419575284,0.1563199999999999867,0.04961999999999999744
1703353419660134,0.09019000000000000627,0.03522999999999999743
1703353419736984,0.02818000000000000019,-0.03445000000000000145
1703353419745634,0.02828999999999999918,-0.04100999999999999784
1703353419821184,0.02792000000000000037,0.08208999999999999631
1703353419829034,0.02790000000000000119,0.08211000000000000243
1703353419914034,0,-0.06260000000000000286
1703353419981134,-0.01372999999999999915,0.04041000000000000147
1703353420065034,0.1408800000000000052,0.0426699999999999996
1703353420142034,0.002820000000000000024,0.06439999999999999891
1703353420150534,0.01984,0.06436999999999999666
1703353420227134,-0.00717999999999999975,-0.02138999999999999929
1703353420235084,-0.007210000000000000263,0.01608000000000000054
1703353420303084,0.01587999999999999828,0.007660000000000000142
1703353420388284,0.09897000000000000242,0.08228000000000000591
1703353420465184,0.003399999999999999811,0.05884000000000000341
1703353420473534,0.01933999999999999955,0.0588600000000000026
1703353420550134,0.1231099999999999972,-0.04352999999999999925
1703353420558134,0.1226499999999999951,-0.03386000000000000121
1703353420710284,0.06011999999999999983,0.04492999999999999772
1703353420804034,0,0.006799999999999999621
1703353420795184,0.04567000000000000226,0.006799999999999999621
1703353420872234,0.04587999999999999717,0.006830000000000000134
1703353420880284,0.0459000000000000033,0.006850000000000000186
1703353420957234,0.0296200000000000005,0.007300000000000000065
1703353420965134,0.03070000000000000159,0.00749000000000000013
1703353421033134,0.05145000000000000268,0.05244999999999999662
1703353421118084,0.06094999999999999724,0.05390999999999999959
1703353421195234,0.07380000000000000449,0.01912000000000000158
1703353421203184,0.07381000000000000061,0.01919999999999999832
1703353421280234,0.01021000000000000033,0.02543000000000000121
1703353421288184,0.01018999999999999941,0.1415700000000000014
1703353421364084,-0.002759999999999999867,-0.03189000000000000168
1703353421372084,0.0270899999999999995,-0.008980000000000000135
1703353421440134,-0.01577999999999999889,0.1288799999999999946
1703353421524234,0.03075999999999999915,-0.06289000000000000146
1703353421601284,0.06968000000000000582,0.07091999999999999693
1703353421609484,0.06951000000000000234,0.07091999999999999693
1703353421687134,-0.006239999999999999887,0.04846000000000000307
1703353421695234,-0.008689999999999999808,0.06139000000000000012
1703353421780184,0,0.01480000000000000066
1703353421848334,0.04497999999999999915,0.01248999999999999937
1703353421942134,0,0.01345000000000000015
1703353421933284,-0.004700000000000000185,0.01618999999999999953
1703353422010234,-0.02395999999999999866,0.02640999999999999945
1703353422018184,0.005720000000000000258,0.02639000000000000026
1703353422093234,0.2840699999999999892,0.04982999999999999929
1703353422101234,-0.1100300000000000028,0.1575100000000000111
1703353422169234,0,0.06153999999999999748
1703353422254284,0.02772000000000000158,0.07040000000000000424
1703353422347084,0,0.0288199999999999984
1703353422338684,0.105779999999999999,0.0462199999999999972
1703353422415184,0.1146800000000000042,0.05018000000000000238
1703353422423534,0.09511999999999999622,0.05020000000000000157
1703353422500234,0.005040000000000000209,0.04522999999999999937
1703353422508184,0.005080000000000000314,0.04404999999999999888
1703353422576334,0.04118999999999999745,0.03959000000000000019
1703353422661384,0.0768199999999999994,0.05072999999999999732
1703353422754184,0,0.008829999999999999308
1703353422745534,0.02086000000000000007,0.008729999999999999913
1703353422821184,0.07528999999999999582,0.0298899999999999999
1703353422829334,0.07337000000000000466,0.02981999999999999929
1703353422906134,0.009209999999999999437,0.03719999999999999696
1703353422914234,0.01038000000000000034,0.1558799999999999908
1703353422999184,0,0.07552999999999999992
1703353423067284,-0.02538999999999999937,0.008869999999999999413
1703353423151434,0.01260999999999999968,0.0481800000000000006
1703353423228334,0.01709000000000000102,0.1122100000000000042
1703353423236384,0.01706999999999999837,0.110390000000000002
1703353423313284,-0.06729999999999999871,0.025909999999999999
1703353423321184,-0.04197000000000000036,0.02595000000000000084
1703353423389334,0.01729999999999999941,0.02580999999999999961
1703353423474384,0.05315999999999999892,0.04272999999999999715
1703353423551284,0.07266999999999999849,0.02892000000000000126
1703353423559234,0.07384999999999999898,0.02689000000000000071
1703353423636334,0.05349999999999999895,0.02237000000000000099
1703353423644184,0.05351000000000000201,0.02382000000000000089
1703353423729234,0,-0.1115899999999999948
1703353423797384,0.0472899999999999987,0.08538999999999999369
1703353423880184,0.04982000000000000317,0.02991999999999999868
1703353423957384,0.01226999999999999966,0.04626000000000000251
1703353423965284,0.01230000000000000017,0.04785999999999999976
1703353424042184,0.08253000000000000613,0.07915999999999999426
1703353424050284,0.08092000000000000581,0.07914999999999999813
1703353424118334,0.02459000000000000075,0.03606000000000000177
1703353424203284,-0.01064000000000000015,0.01115999999999999978
1703353424280234,0.03527999999999999886,0.07167999999999999372
1703353424288284,0.03869000000000000217,0.07274999999999999523
1703353424365334,0.0258199999999999992,0.02649999999999999925
1703353424373334,0.0259199999999999986,0.02468000000000000055
1703353424458334,0,0.03491999999999999965
1703353424526334,0.1114499999999999935,0.007389999999999999868
1703353424610284,0.08944000000000000561,0.04977999999999999786
1703353424686284,0.02256999999999999978,0.0649799999999999961
1703353424694834,0.05287000000000000033,0.145329999999999987
1703353424771184,0.017309999999999999,0.09070999999999999897
1703353424779234,0.01519000000000000038,0.08970000000000000195
1703353424930234,0.01116999999999999937,0.02285999999999999838
1703353425014284,0.02599999999999999881,-0.04793000000000000038
1703353425107334,0,0.02506999999999999854
1703353425098434,0.09837999999999999523,0.02505999999999999894
1703353425173434,-0.0008400000000000000348,0.02521999999999999936
1703353425181434,0.1105499999999999955,0.02523999999999999855
1703353425258334,0.2294100000000000028,0.02511000000000000038
1703353425266284,0.1957200000000000051,0.02506999999999999854
1703353425334284,0.2134800000000000031,0.02515999999999999834
1703353425415434,-0.006089999999999999927,0.07577000000000000401
1703353425498334,0.1144899999999999946,-0.01056999999999999953
1703353425583534,0.06208999999999999936,0.01710000000000000062
1703353425660484,0.03282000000000000195,0.03239000000000000212
1703353425668534,0.03282999999999999807,0.04558000000000000246
1703353425745284,0.078130000000000005,0.04737999999999999851
1703353425753234,0.07033000000000000362,0.04737999999999999851
1703353425821334,0.007749999999999999944,-0.02661000000000000171
1703353425906534,0.07642000000000000182,0.03824000000000000316
1703353425983434,0.01442000000000000053,0.05566999999999999726
1703353425991734,0.01446000000000000063,0.07807000000000000051
1703353426068434,0.0183900000000000001,0.07506000000000000172
1703353426076284,0.02603000000000000105,0.06550000000000000266
1703353426161334,0,0.04427999999999999992
1703353426229284,0.01425000000000000051,0.04426000000000000073
1703353426306234,0.01060000000000000005,0.01980000000000000163
1703353426314484,0.01058000000000000086,0.06103999999999999704
1703353426391434,-0.01073999999999999955,-0.007790000000000000049
1703353426399434,-0.01794000000000000108,0.02076000000000000068
1703353426552534,0.1133799999999999947,0.01541000000000000009
1703353426647384,0,0.01557000000000000051
1703353426638484,0.1246499999999999969,0.02120000000000000009
1703353426715484,0.01078999999999999924,0.07463999999999999801
1703353426723534,0.03034999999999999851,0.07460999999999999577
1703353426808534,0,0.05673999999999999877
1703353426876334,0.04644999999999999823,0.009889999999999999486
1703353426960584,0.04714000000000000135,-0.01963000000000000161
1703353427037434,0.04823000000000000204,0.08146000000000000463
1703353427045584,0.04818999999999999673,0.08146000000000000463
1703353427122434,-0.002919999999999999853,0.06413000000000000644
1703353427130484,0.008309999999999999679,0.05555999999999999828
1703353427198484,0,0.006689999999999999766
1703353427283534,0.09542000000000000481,0.1730700000000000016
1703353427360434,0,0.09922000000000000264
1703353427368534,0.01514000000000000068,0.09921000000000000651
1703353427445484,0.01565000000000000072,0.0183800000000000005
1703353427453334,0.01565000000000000072,0.0183900000000000001
1703353427538284,0,0.02289000000000000062
1703353427605384,0.02120999999999999969,0.0112800000000000001
1703353427689334,0.09160999999999999699,0.03082000000000000017
1703353427766484,0.0227399999999999998,0.03291999999999999788
1703353427774534,0.02818000000000000019,0.03312999999999999973
1703353427851434,0.04236999999999999794,0.0333499999999999977
1703353427859534,0.04318999999999999923,0.0333499999999999977
1703353427927534,0.0562799999999999967,0.03321999999999999953
1703353428012384,0.05501000000000000334,0.03898999999999999688
1703353428089334,0.02397000000000000172,0.07290000000000000646
1703353428097984,0.01643999999999999975,0.07288000000000000034
1703353428174334,0.04925999999999999823,0.06022999999999999882
1703353428182434,0.04927000000000000129,0.06017000000000000126
1703353428250434,0,0.01149000000000000021
1703353428335584,0.01204000000000000035,0.01149999999999999981
1703353428412384,0.02457000000000000156,0.01948000000000000079
1703353428420584,0.02458000000000000115,0.02152000000000000093
1703353428497484,0.09501999999999999336,0.02443000000000000033
1703353428505534,0.03960000000000000325,0.03833999999999999908
1703353428590534,0,0.06210000000000000242
1703353428658584,0.03113000000000000142,0.06180000000000000077
1703353428743484,0.005060000000000000261,0.01745000000000000023
1703353428820584,0.02759999999999999953,0.0158599999999999991
1703353428828384,0.06151000000000000217,0.01586999999999999869
1703353428904584,0.1900499999999999967,0.01586999999999999869
1703353428912584,0.06866999999999999493,0.0158599999999999991
1703353429064584,0.02387999999999999845,0.05890999999999999709
1703353429149684,0.1118799999999999933,0.03771000000000000046
1703353429226434,0.03670999999999999958,0.02614999999999999963
1703353429234534,0.03672000000000000264,0.03203000000000000291
1703353429311434,0.06728000000000000647,0.08143000000000000238
1703353429319634,0.06214999999999999691,0.08794000000000000428
1703353429387584,0.02603000000000000105,0.0577299999999999966
1703353429472334,0.1002399999999999958,0.04222000000000000058
1703353429549534,0.02188000000000000014,0.04494000000000000078
1703353429558084,0.016750000000000001,0.04494000000000000078
1703353429634534,0.01305000000000000084,0.04490000000000000241
1703353429642484,0.02809000000000000039,0.04490999999999999853
1703353429710384,0.05143999999999999961,0.03087000000000000161
1703353429795434,0.1315800000000000025,0.002390000000000000197
1703353429888484,0,0.03039999999999999994
1703353429879484,0.02333000000000000004,0.03148000000000000104
1703353429956584,0.03681999999999999856,0.02511000000000000038
1703353429964684,0.03681000000000000244,0.02511000000000000038
1703353430041434,0.01042000000000000044,0.02800000000000000058
1703353430049584,0.01038999999999999993,0.02801000000000000018
1703353430117634,0.05172999999999999821,0.0523500000000000007
1703353430201584,0.06837999999999999634,0.001500000000000000031
1703353430285634,0.0257299999999999994,0.07595000000000000362
1703353430362484,0.04988000000000000073,0.007089999999999999948
1703353430370534,0.05011999999999999789,0.007100000000000000408
1703353430447584,0.07827000000000000624,0.03389000000000000346
1703353430455534,0.07824000000000000399,0.03388000000000000039
1703353430523684,0.02109000000000000111,-0.01221999999999999996
1703353430608584,-0.001899999999999999996,0.06090999999999999887
1703353430685434,0.03024999999999999911,0.05967000000000000082
1703353430693634,0.041820000000000003,0.05573000000000000176
1703353430770484,0.04275000000000000328,0.01367999999999999945
1703353430778434,0.04274000000000000021,0.01370000000000000037
1703353430930634,0.107130000000000003,0.04281000000000000083
1703353431015434,-0.01737999999999999962,0.0426699999999999996
1703353431092684,-0.005049999999999999802,0.03814000000000000029
1703353431100534,-0.0056600000000000001,0.03234999999999999681
1703353431177534,0.04760999999999999954,0.01634999999999999995
1703353431185634,0.04918999999999999762,0.01635999999999999954
1703353431253584,0,0.01975000000000000019
1703353431337584,0.01660999999999999976,0.06618000000000000271
1703353431421484,0.0709700000000000053,-0.01842999999999999847
1703353431498584,0.008989999999999999727,0.01434999999999999991
1703353431506534,0.00899999999999999932,0.01439000000000000001
1703353431583734,0.00877999999999999961,0.04245999999999999774
1703353431591684,0.008789999999999999203,0.04245999999999999774
1703353431676434,0,0.01735000000000000084
1703353431744784,0.03914000000000000118,0.04141000000000000236
1703353431829584,0.02722000000000000114,0.03577000000000000318
1703353431906634,0.007300000000000000065,0.01383000000000000028
1703353431914634,0.007349999999999999763,0.01382000000000000069
1703353431991534,0.05931000000000000161,0.0477599999999999969
1703353431999684,0.04819999999999999979,0.0477599999999999969
1703353432084534,0,0.009799999999999999684
1703353432152534,0.02373000000000000109,0.1563100000000000045
1703353432229484,0,0.04336999999999999883
1703353432237984,0.04560000000000000164,0.04184000000000000219
1703353432314534,0.05249000000000000193,0.007919999999999999957
1703353432322634,0.1533899999999999986,0.01359999999999999924
1703353432407434,0,0.03769000000000000128
1703353432475784,0.0217499999999999985,0.01871000000000000094
1703353432559784,0.08590000000000000413,0.04606999999999999984
1703353432635584,-0.3205999999999999961,0.01541999999999999968
1703353432643634,0.1111400000000000027,0.01577999999999999889
1703353432719634,0.07799999999999999989,0.06130000000000000032
1703353432727634,0.06076999999999999763,0.06126999999999999807
1703353432803634,-0.008070000000000000784,0.001139999999999999954
1703353432811634,0.01178000000000000054,0.03676000000000000101
1703353432878634,0.02702999999999999847,-0.02176000000000000156
1703353432962634,0.123759999999999995,0.07190000000000000557
1703353433046634,0.04061000000000000026,0.01864000000000000032
1703353433123784,0.03626000000000000056,0.03474000000000000005
1703353433132034,0.03618999999999999995,0.05138000000000000206
1703353433208584,0.02307999999999999982,0.04900000000000000189
1703353433216634,0.1716300000000000048,0.04873000000000000248
1703353433284734,0.2001699999999999868,0.01142999999999999919
1703353433368684,0.02823000000000000162,0.01226000000000000006
1703353433461534,0,-0.0001800000000000000113
1703353433452684,0.118260000000000004,-0.0009300000000000000541
1703353433529484,0.03729999999999999982,0.05272999999999999909
1703353433537684,0.03021000000000000074,0.1464799999999999991
1703353433614684,0.01705999999999999878,0.0166500000000000016
1703353433622534,0.01705999999999999878,0.0166500000000000016
1703353433690684,0.01742000000000000146,0.01173000000000000084
1703353433775634,0.1076899999999999941,0.04002000000000000002
1703353433852584,0.1070900000000000046,0.08130999999999999339
1703353433860834,0.04544999999999999735,0.07671999999999999653
1703353433937634,0.01414999999999999938,0.04841000000000000164
1703353433945784,0.0141700000000000003,0.04798999999999999794
1703353434013634,0.0141799999999999999,0.048000000000000001
1703353434098634,0.04080000000000000293,0.01149999999999999981
1703353434175734,0.04204000000000000098,0.028719999999999999
1703353434183584,0.04043000000000000066,0.02876000000000000084
1703353434260684,0.02520000000000000018,0.07935000000000000386
1703353434268734,0.03953999999999999876,0.07928000000000000325
1703353434421784,0.03658999999999999753,0.01054000000000000076
1703353434506634,-0.02125000000000000153,0.01229000000000000058
1703353434582634,0,0.04290999999999999676
1703353434590884,0.05874000000000000055,0.04291999999999999982
1703353434665734,-0.03472000000000000086,0.02897999999999999882
1703353434673934,-0.02826999999999999999,0.04766000000000000097
1703353434750684,-0.02859000000000000083,0.003409999999999999837
1703353434758684,-0.01503999999999999955,0.003389999999999999784
1703353434826684,0.05423000000000000043,0.1360000000000000098
1703353434910734,0.03250000000000000111,0.1163200000000000067
1703353434987834,0.02239000000000000018,0.06801000000000000101
1703353434995634,0.02233999999999999875,0.06796000000000000651
1703353435072584,0.04184999999999999831,0.06722999999999999809
1703353435080634,0.04186000000000000137,0.06718999999999999972
1703353435165684,0,0.009350000000000000672
1703353435232734,0.0763500000000000012,0.02566999999999999837
1703353435316784,0.03708000000000000185,-0.045749999999999999
1703353435393734,0.02751999999999999932,0.05831000000000000072
1703353435401984,0.04732999999999999707,0.0690100000000000019
1703353435478834,-0.008389999999999999888,0.09027000000000000302
1703353435486834,-0.008399999999999999481,0.09009000000000000341
1703353435554784,0,0.01026000000000000002
1703353435638834,0.05020999999999999769,0.006769999999999999976
1703353435722884,-0.03244999999999999968,0.05489999999999999741
1703353435799834,0.04504999999999999977,0.06207000000000000017
1703353435807634,0.04506999999999999895,0.06203999999999999793
1703353435884684,0.05684000000000000163,-0.01153999999999999991
1703353435892834,0.05677000000000000102,-0.01137999999999999949
1703353435959734,0.006150000000000000085,0.002160000000000000028
1703353436044834,0.01953999999999999834,0.05446999999999999759
1703353436121784,0.01952999999999999875,0.02793999999999999956
1703353436129684,0.01953999999999999834,0.02792000000000000037
1703353436206684,0.01951999999999999916,0.0139900000000000007
1703353436214684,0.01952999999999999875,0.0139900000000000007
1703353436282884,0.03905000000000000138,0.01400000000000000029
1703353436368934,0.01650000000000000078,0.01494000000000000015
1703353436445834,0.0311600000000000002,0.06973000000000000032
1703353436454134,0.0311600000000000002,0.07897999999999999465
1703353436530784,0.03157000000000000084,0.07136000000000000676
1703353436538734,0.04007999999999999757,0.07134000000000000064
1703353436606734,0.04071999999999999925,0.01305000000000000084
1703353436691834,0.02935000000000000109,0.009280000000000000054
1703353436768734,-0.03810999999999999804,0.04972000000000000031
1703353436777234,-0.004259999999999999898,0.1552099999999999869
1703353436853784,-0.01963000000000000161,0.06199999999999999956
1703353436861784,0.01156000000000000083,0.04694000000000000256
1703353436946884,0,0.0198300000000000004
1703353437014684,0.04329999999999999821,0.06880999999999999617
1703353437099834,0.0129999999999999994,0.02454999999999999891
1703353437176884,0.009050000000000000752,0.01112999999999999927
1703353437184884,0.009060000000000000345,0.0111400000000000006
1703353437261834,0.06772999999999999854,0.03563999999999999807
1703353437269684,0.07177000000000000046,0.05961999999999999938
1703353437337884,0.0246499999999999983,0.06324000000000000454
1703353437422884,0.02447999999999999829,0.01261999999999999927
1703353437499734,-0.02220000000000000098,0.01674000000000000141
1703353437508384,-0.1365500000000000047,0.01725000000000000144
1703353437582784,0.0627299999999999941,0.04125000000000000194
1703353437590784,0.06270000000000000573,0.06833999999999999797
1703353437667734,0.04138000000000000012,-0.04857999999999999818
1703353437675684,0.04138000000000000012,-0.04859000000000000125
1703353437743984,0.03651000000000000079,0.04816000000000000142
1703353437828834,0.008569999999999999493,0.07495999999999999885
1703353437905934,0.0783599999999999991,-0.05546999999999999847
1703353437913884,0.07842999999999999972,-0.05507999999999999702
1703353437990984,0.02138999999999999929,0.0009499999999999999981
1703353437998784,0.02085000000000000048,0.0009700000000000000505
1703353438083884,0,0.02495999999999999955
1703353438151934,0.0383199999999999999,0.05290000000000000258
1703353438236834,0.03899999999999999994,0.07154000000000000636
1703353438313734,0.04218999999999999834,0.009209999999999999437
1703353438322284,0.04240000000000000019,0.01220000000000000077
1703353438398934,0.07109000000000000041,0.007199999999999999803
1703353438406984,0.05924000000000000099,0.007440000000000000432
1703353438474734,0.04580000000000000043,0.03100999999999999937
1703353438558834,0.02154000000000000012,0.04988999999999999685
1703353438641834,0.1704499999999999904,0.05480999999999999761
1703353438724934,0.132069999999999993,0.01123999999999999999
1703353438801784,0.234699999999999992,0.01122000000000000081
1703353438809734,0.2369300000000000017,0.01123999999999999999
1703353438886834,-0.01348000000000000066,-0.02834000000000000061
1703353438894884,0.01607000000000000095,-0.03093999999999999875
1703353438962884,0.05467000000000000332,0.01260000000000000009
1703353439046834,0.02292999999999999899,0.02466000000000000136
1703353439140884,0,0.02475000000000000117
1703353439131834,0.06619999999999999496,0.02475000000000000117
1703353439208934,0.1277500000000000024,0.02460999999999999993
1703353439216834,0.127250000000000002,0.02463999999999999871
1703353439293934,0.04458999999999999769,0.04089999999999999886
1703353439301884,0.07165000000000000535,0.04091000000000000192
1703353439368934,0,0.02221000000000000058
1703353439453984,0.02777999999999999914,0.05245999999999999969
1703353439530784,-0.005329999999999999669,0.028719999999999999
1703353439538884,-0.02598999999999999921,0.02721000000000000155
1703353439614884,0.09349999999999999978,0.01439000000000000001
1703353439623034,0.09976999999999999758,0.01439999999999999961
1703353439698984,0.098239999999999994,0.03932999999999999691
1703353439708034,0.05392999999999999877,0.0492099999999999968
1703353439776084,0.04223999999999999977,0.05115000000000000102
1703353439858934,0.1602000000000000091,0.002279999999999999909
1703353439952834,0,0.05587999999999999912
1703353439943884,0.02399000000000000091,0.1517400000000000138
1703353440019884,0.07288000000000000034,0.03969000000000000306
1703353440027934,0.1110600000000000059,0.03039000000000000035
1703353440103934,-0.1088400000000000062,0.03588999999999999829
1703353440111834,-0.09976999999999999758,0.03876000000000000278
1703353440262884,-0.01217000000000000026,0.06507999999999999896
1703353440347984,0.1004000000000000031,0.01169000000000000074
1703353440424984,0.01422999999999999959,0.01582000000000000073
1703353440433184,0.01091999999999999915,0.01770000000000000046
1703353440509884,0.003439999999999999915,0.08451999999999999791
1703353440517884,0.003459999999999999968,0.08439000000000000667
1703353440586034,0.02103999999999999967,0.05097000000000000142
1703353440670984,0.06647000000000000131,0.01192000000000000004
1703353440747934,0.01001999999999999939,0.01599000000000000074
1703353440756484,0.01003000000000000072,0.04868000000000000105
1703353440832934,0.08079999999999999682,0.0696100000000000052
1703353440841034,0.09629000000000000059,0.06958999999999999908
1703353440909034,0.01807999999999999885,-0.04062000000000000333
1703353440994134,0.04059000000000000108,0.1094200000000000034
1703353441070884,0.04139000000000000318,0.02850000000000000103
1703353441079484,0.04138000000000000012,0.01975000000000000019
1703353441155884,0.05228000000000000008,0.005610000000000000403
1703353441163934,0.050250000000000003,0.0057999999999999996
1703353441248784,0,0.006599999999999999964
1703353441316834,0.03139999999999999736,0.06185999999999999832
1703353441393934,0,0.0294300000000000013
1703353441402034,0.03796999999999999681,0.02870999999999999941
1703353441477884,-0.006349999999999999742,0.02819999999999999937
1703353441485984,0.1554599999999999871,0.02812999999999999876
1703353441561884,0.0627400000000000041,0.01298999999999999981
1703353441569984,0.0626799999999999996,0.01305000000000000084
1703353441638984,0.03665000000000000202,0.07235999999999999377
1703353441723034,0.1528599999999999959,0.1711399999999999866
1703353441800034,-0.04651999999999999885,0.02942000000000000171
1703353441808334,-0.04043999999999999678,0.0264400000000000017
1703353441884934,0.03880999999999999728,0.03316000000000000197
1703353441892934,0.03882000000000000034,0.04578999999999999737
1703353441978134,0,0.05228000000000000008
1703353442046184,0.01115999999999999978,0.03371999999999999997
1703353442131084,0.01463000000000000064,0.03762000000000000066
1703353442208034,0.03547000000000000153,0.03448999999999999982
1703353442215834,0.0709700000000000053,0.03445999999999999758
1703353442289934,0.02035999999999999963,0.01250000000000000069
1703353442298034,0.04524000000000000243,0.01251999999999999988
1703353442373934,0.1461399999999999921,0.01255000000000000039
1703353442382034,0.1403699999999999948,0.01293000000000000052
1703353442449984,0,0.04952000000000000152
1703353442534934,0.1132100000000000051,-0.01582000000000000073
1703353442619034,0.07084999999999999631,0.09657000000000000306
1703353442695934,0.01095999999999999926,0.08200999999999999956
1703353442704034,0.01098000000000000018,0.08203000000000000569
1703353442781034,0.04426000000000000073,0.009390000000000000777
1703353442789134,0.04257999999999999979,0.009379999999999999449
1703353442856984,0.03379999999999999671,0.009910000000000000406
1703353442940984,0.02579000000000000042,-0.01601999999999999952
1703353443034084,0,0.04363999999999999824
1703353443025034,0.01672999999999999834,0.0436500000000000013
1703353443102034,0.01728999999999999981,0.03953999999999999876
1703353443110084,0.02250999999999999876,0.0400399999999999992
1703353443187084,0.04354000000000000231,0.0436500000000000013
1703353443194984,0.03678000000000000019,0.05507000000000000089
1703353443263184,0.02687000000000000152,-0.04481000000000000261
1703353443346084,0.02170000000000000054,0.09235000000000000153
1703353443440034,0,0.06819000000000000061
1703353443431234,-0.002609999999999999907,0.05931999999999999773
1703353443508084,0.06181999999999999995,0.04680000000000000132
1703353443516084,0.06187000000000000138,0.05322000000000000342
1703353443592984,0.03506999999999999701,0.05652999999999999692
1703353443601184,0.03508000000000000007,0.05652000000000000079
1703353443669234,-0.1180599999999999983,0.03898000000000000076
1703353443754184,0.1038199999999999956,0.04114000000000000296
1703353443830934,0.1042099999999999971,0.04889999999999999902
1703353443839234,0.09901000000000000079,0.06401999999999999358
1703353443915034,0.01895000000000000157,0.04488999999999999935
1703353443923034,0.01897000000000000075,0.0397699999999999998
1703353444008134,0,0.02793999999999999956
1703353444076234,0.02840000000000000163,0.07735000000000000209
1703353444161084,0.08269999999999999574,0.05337000000000000077
1703353444238084,0.01649000000000000118,0.1066399999999999987
1703353444245984,0.01651000000000000037,0.1046699999999999992
1703353444323134,0.07117999999999999328,0.03477000000000000229
1703353444331034,0.04454999999999999932,0.03477000000000000229
1703353444415084,0,0.0354200000000000001
1703353444483284,0.04456000000000000238,0.03049999999999999933
1703353444567234,0.01577999999999999889,0.04642999999999999905
1703353444644134,0.0794300000000000006,0.03257000000000000173
1703353444652234,0.07378999999999999448,0.03257999999999999785
1703353444728084,0.06078000000000000069,0.06081999999999999906
1703353444736034,0.1303100000000000092,0.06081000000000000294
1703353444887234,-0.01822999999999999968,-0.03656000000000000222
1703353444971134,0.04497999999999999915,0.0961800000000000016
1703353445047134,0.02341000000000000025,-0.01506000000000000047
1703353445055634,0.004870000000000000197,0.04284000000000000308
1703353445132234,1.40138000000000007,0.0558099999999999985
1703353445140134,0.3081800000000000095,0.05430000000000000104
1703353445291134,0.1489999999999999936,0.009469999999999999252
1703353445376134,0.01590000000000000094,0.01569999999999999868
1703353445453234,0.01233000000000000068,0.03982000000000000123
1703353445461584,0.01233000000000000068,0.03984000000000000041
1703353445538184,0.01574000000000000052,0.02152000000000000093
1703353445546134,0.01575000000000000011,0.02139999999999999888
1703353445614134,0,0.02673999999999999988
1703353445699134,0.1111899999999999972,0.02667999999999999886
1703353445776184,0,0.02045999999999999902
1703353445784084,0.05863000000000000156,0.02043000000000000024
1703353445861284,0.01091999999999999915,0.03339999999999999913
1703353445869134,0.01063000000000000056,0.04456999999999999851
1703353445954234,0,0.04807999999999999774
1703353446022084,0.04533999999999999836,0.03391999999999999876
1703353446107234,0.0042100000000000002,0.1095099999999999962
1703353446184184,0.01552000000000000081,0.03130999999999999756
1703353446192384,0.0459000000000000033,0.0313399999999999998
1703353446269234,0.04417999999999999705,-0.006579999999999999911
1703353446277134,0.04420000000000000318,0.009990000000000000616
1703353446345184,0.02624999999999999903,0.04741999999999999688
1703353446430234,0.03685000000000000081,0.04909999999999999781
1703353446507284,0.004060000000000000241,0.02878999999999999962
1703353446515234,-0.009830000000000000196,0.02702999999999999847
1703353446592284,0.05448999999999999677,0.0115099999999999994
1703353446600284,0.05265999999999999848,0.01153000000000000032
1703353446753334,0.1091899999999999954,0.05165000000000000147
1703353446838134,0.01378000000000000058,0.0228299999999999996
1703353446931234,0,0.04175000000000000239
1703353446922534,0.1358900000000000108,0.04587000000000000105
1703353446998284,-0.02131999999999999867,0.04608999999999999903
1703353447006334,-0.008810000000000000123,0.04610999999999999821
1703353447082134,-0.007969999999999999654,0.005689999999999999745
1703353447090134,0.02549999999999999836,0.005669999999999999693
1703353447158284,0.07478999999999999537,0.1272300000000000098
1703353447242184,0.08691000000000000114,0.01657000000000000139
1703353447326284,0.06226999999999999896,0.0100999999999999996
1703353447403234,0.01633000000000000076,0.1241199999999999942
1703353447411684,0.02021999999999999839,0.1219800000000000051
1703353447488234,0.04005999999999999839,0.04177000000000000157
1703353447496034,0.0399499999999999994,0.04179000000000000076
1703353447580234,0,0.04166000000000000258
1703353447648234,0.156349999999999989,0.02088999999999999885
1703353447733284,-0.004000000000000000083,0.05684999999999999776
1703353447810184,-0.04343000000000000332,0.06205000000000000099
1703353447818184,-0.06356000000000000538,0.06205000000000000099
1703353447893134,0.04263999999999999735,0.01812000000000000069
1703353447901284,0.04268000000000000266,0.05782000000000000334
1703353447969334,0.04270000000000000184,0.1022099999999999953
1703353448054134,0.01141,0.03518999999999999906
1703353448136334,0.08108999999999999542,0.03137000000000000205
1703353448219234,0.04785999999999999976,0.0006400000000000000524
1703353448296284,0.01294000000000000011,0.07670000000000000429
1703353448304384,0.01290000000000000001,0.07283000000000000584
1703353448381134,0.02281000000000000041,0.01148000000000000062
1703353448389334,0.02282000000000000001,0.01149000000000000021
1703353448457284,0.02282000000000000001,0.01149000000000000021
1703353448542184,0.0225500000000000006,0.1611599999999999977
1703353448619134,0.02230999999999999997,0.04087999999999999967
1703353448627784,0.02230999999999999997,0.03563000000000000195
1703353448704284,0.02049000000000000127,0.01156000000000000083
1703353448712184,0.0006499999999999999702,0.01626999999999999974
1703353448780384,0.0446799999999999975,-0.01731999999999999859
1703353448865434,0.0685400000000000037,0.07603000000000000036
1703353448949284,0.01953999999999999834,0.01274999999999999918
1703353449024284,-0.04703999999999999848,0.01041000000000000085
1703353449032284,-0.03123000000000000081,0.02350999999999999965
1703353449109234,-0.08802000000000000102,0.02743999999999999911
1703353449117384,-0.0142699999999999997,0.02744999999999999871
1703353449202184,0,0.02364000000000000129
1703353449270384,0.04248999999999999999,0.0675899999999999973
1703353449364184,0,0.06436999999999999666
1703353449355284,0.08414000000000000645,0.06351999999999999313
1703353449432234,0.04621000000000000107,0.01101000000000000069
1703353449440384,0.04621000000000000107,0.01102000000000000028
1703353449517234,0.007360000000000000223,0.01106000000000000039
1703353449525334,0.00740999999999999992,0.01145000000000000011
1703353449593234,0.04098000000000000254,-0.01729999999999999941
1703353449678434,0.03767999999999999822,0.0678300000000000014
1703353449770284,0,0.1203599999999999948
1703353449761884,0.04861999999999999655,0.1128200000000000036
1703353449838434,-0.01248999999999999937,0.05562999999999999889
1703353449846384,-0.007130000000000000053,0.05510999999999999927
1703353449999434,0.04202999999999999792,0.01030000000000000013
1703353450084334,0.0972999999999999976,0.0115999999999999992
1703353450161384,0.00740999999999999992,0.03355000000000000343
1703353450169484,0.007459999999999999618,0.03382999999999999896
1703353450246384,0.01244999999999999926,0.03669000000000000039
1703353450254284,0.01410999999999999928,0.03669000000000000039
1703353450322234,0.05949999999999999734,0.03620000000000000301
1703353450407334,0.1015000000000000069,0.05190999999999999781
1703353450484284,0,0.03157000000000000084
1703353450492434,0.02409999999999999989,0.02406000000000000152
1703353450569434,0.07596999999999999587,0.05850000000000000339
1703353450577384,0.03141000000000000042,0.05847000000000000114
1703353450663334,0,0.05684000000000000163
1703353450731434,0.05029999999999999749,0.047440000000000003
1703353450825384,0,0.1271200000000000108
1703353450816334,0.03647000000000000242,0.1157600000000000018
1703353450892334,0.191879999999999995,0.04401000000000000051
1703353450900584,0.05915999999999999731,0.02792999999999999997
1703353450974384,0.07290000000000000646,-0.007740000000000000352
1703353450982384,0.07070999999999999508,-0.008770000000000000018
1703353451057234,0.174339999999999995,0.1692500000000000115
1703353451065484,0.07141999999999999738,0.08909999999999999865
1703353451133434,0.1110300000000000037,0.04030000000000000249
1703353451217334,0.03991999999999999715,0.002789999999999999945
1703353451301284,0.04827000000000000041,0.1421099999999999863
1703353451378234,0.03899999999999999994,-0.0539800000000000002
1703353451386934,0.03894999999999999851,-0.04163000000000000034
1703353451462334,0.02316999999999999962,0.110829999999999998
1703353451470484,0.01896000000000000116,0.105889999999999998
1703353451623534,0.01378000000000000058,-0.04759000000000000036
1703353451718334,0,0.04653999999999999804
1703353451709384,0.09032999999999999363,0.04653000000000000191
1703353451785534,0.008850000000000000228,0.005830000000000000113
1703353451793334,0.008760000000000000425,0.005870000000000000218
1703353451870484,0.01577999999999999889,0.07217999999999999416
1703353451878434,0.03250999999999999723,0.07219000000000000417
1703353452029434,0.1052000000000000018,0.07359999999999999876
1703353452113334,-0.002949999999999999931,0.04714999999999999747
1703353452207334,0,0.008869999999999999413
1703353452198884,-0.003520000000000000125,0.008959999999999999215
1703353452273384,-0.07639999999999999569,0.1386699999999999877
1703353452281884,-0.0114199999999999996,0.1351400000000000101
1703353452357334,0.4579900000000000082,0.03241000000000000131
1703353452365484,0.6678600000000000092,0.02196000000000000035
1703353452450384,0,0.002599999999999999881
1703353452518284,0.02528999999999999998,0.04422000000000000236
1703353452603534,-0.1063899999999999985,0.01050000000000000065
1703353452679434,0.02667999999999999886,0.06834999999999999409
1703353452687284,0.02679000000000000131,0.06830999999999999572
1703353452762384,-0.04349000000000000088,0.03946999999999999814
1703353452770384,-0.05081999999999999712,0.05967000000000000082
1703353452846384,0.04662999999999999784,0.05303999999999999687
1703353452854334,0.04673999999999999683,0.05301000000000000156
1703353452939434,0,0.04454999999999999932
1703353453007434,0.02957999999999999866,-0.03207000000000000128
1703353453101534,0,0.001850000000000000082
1703353453092434,0.09772999999999999743,0.03234999999999999681
1703353453169434,0.05304999999999999993,0.03991999999999999715
1703353453177484,0.067000000000000004,0.03994000000000000328
1703353453254334,0.04537000000000000061,0.006440000000000000412
1703353453262484,0.04537000000000000061,0.01813000000000000028
1703353453330434,0.02883000000000000146,0.04961000000000000132
1703353453415384,0.02990999999999999909,0.03916000000000000036
1703353453492434,0.002949999999999999931,0.04284000000000000308
1703353453500334,-0.006989999999999999686,0.04284000000000000308
1703353453577384,0.09772999999999999743,0.01898000000000000034
1703353453585484,0.08154999999999999749,0.0188499999999999987
1703353453670384,0,0.04377000000000000335
1703353453738384,0.01251999999999999988,0.01318000000000000074
1703353453832484,0,0.0360200000000000034
1703353453823434,0.0127700000000000001,0.03602999999999999953
1703353453900484,0.03942999999999999977,0.03581999999999999768
1703353453908534,0.03942999999999999977,0.03581999999999999768
1703353454061434,0.009629999999999999671,0.03495999999999999802
1703353454146634,0.03014999999999999972,0.03783000000000000251
1703353454222484,0.09594999999999999363,0.02278000000000000164
1703353454230784,0.1042099999999999971,0.02284999999999999878
1703353454305434,-0.04687999999999999806,0.01842999999999999847
1703353454313684,-0.02134000000000000133,0.02440000000000000155
1703353454388534,0.09997999999999999943,0.04506999999999999895
1703353454396434,0.09268999999999999462,0.04508000000000000201
1703353454464584,0.01173000000000000084,-0.03004000000000000073
1703353454549534,0.05029999999999999749,0.03873999999999999666
1703353454626434,-0.01895000000000000157,0.06147999999999999993
1703353454635034,0.02297000000000000083,0.06140999999999999931
1703353454711484,0.04358000000000000068,0.02487999999999999934
1703353454719584,0.03839000000000000051,0.02487999999999999934
1703353454794534,-0.04533999999999999836,0.04905000000000000332
1703353454802434,-0.02891000000000000167,0.04909000000000000169
1703353454870384,0.04719000000000000278,0.05201000000000000068
1703353454955684,-0.01936999999999999833,0.05580000000000000238
1703353455037484,-0.02435000000000000012,0.05433000000000000329
1703353455114584,0.04535000000000000142,0.04030000000000000249
1703353455122484,0.04533999999999999836,0.03556999999999999745
1703353455199384,0.121399999999999994,0.008829999999999999308
1703353455207684,0.1199199999999999988,0.009329999999999999752
1703353455292484,0,0.1398199999999999998
1703353455360584,0.01514000000000000068,0.04775000000000000078
1703353455454584,0,0.02495999999999999955
1703353455445884,0.0456599999999999992,0.02494999999999999996
1703353455522484,0.06994999999999999829,0.02997000000000000011
1703353455530634,0.06926999999999999824,0.04175999999999999851
1703353455616484,0,0.04526000000000000162
1703353455684584,0.06847000000000000308,0.05727999999999999758
1703353455769634,0.0698399999999999993,-0.0444500000000000034
1703353455846634,0.01481000000000000025,0.1103599999999999998
1703353455854684,0.01240999999999999916,0.1097899999999999987
1703353455931634,0.0129599999999999993,-0.004599999999999999922
1703353455939534,0.04991000000000000297,-0.0003499999999999999964
1703353456007634,0,0.06285999999999999921
1703353456092484,0.0435600000000000015,0.07575999999999999401
1703353456169534,0,0.01793000000000000149
1703353456177684,0.08808000000000000551,0.01795000000000000068
1703353456253684,0.02423000000000000154,0.01815999999999999906
1703353456261434,0.02554999999999999979,0.01862000000000000113
1703353456337584,-0.03874999999999999972,0.07269000000000000461
1703353456345484,0.01208000000000000046,0.08064000000000000334
1703353456429584,0,0.01085999999999999986
1703353456497484,0.007790000000000000049,0.03357999999999999874
1703353456582484,0.04044999999999999984,0.03448999999999999982
1703353456660684,0.04320000000000000229,0.01507000000000000006
1703353456668684,0.04320999999999999841,0.01507999999999999965
1703353456745634,0.0449499999999999969,0.05027000000000000218
1703353456753584,0.04494000000000000078,0.05068000000000000282
1703353456837634,0,-0.03801999999999999824
1703353456904634,0.1561800000000000133,0.0417300000000000032
1703353456987634,-0.03248000000000000193,0.0202999999999999986
1703353457071684,0.01460000000000000013,-0.04005999999999999839
1703353457147534,0.03048999999999999974,0.06759999999999999343
1703353457155734,0.03005999999999999991,0.09322999999999999343
1703353457232584,0.0431800000000000031,0.07956000000000000572
1703353457240534,0.04320000000000000229,0.07953000000000000347
1703353457308534,0,0.01406999999999999917
1703353457393484,0.02674999999999999947,0.04002000000000000002
1703353457487484,0,0.03357000000000000262
1703353457478584,0.03173000000000000126,0.03037000000000000116
1703353457555634,0.02755000000000000157,0.1397599999999999953
1703353457563634,0.02724999999999999992,0.1367899999999999949
1703353457648684,0,0.06289000000000000146
1703353457716584,0.03345000000000000057,0.007729999999999999892
1703353457800534,0.155799999999999994,0.04352999999999999925
1703353457877684,0.08086000000000000132,0.1297399999999999942
1703353457885684,0.07731000000000000372,0.127360000000000001
1703353457961684,-0.01528000000000000018,0.04640999999999999986
1703353457969684,0.002190000000000000106,0.04617999999999999883
1703353458044634,0.1277600000000000124,0.02769999999999999893
1703353458052534,0.1277099999999999902,0.02770999999999999852
1703353458120584,0.04002000000000000002,0.03148000000000000104
1703353458205634,0.01213000000000000016,0.1334299999999999931
1703353458282734,0.07885999999999999954,0.01022999999999999951
1703353458290834,0.09976999999999999758,0.009499999999999999764
1703353458367784,0.01376999999999999925,0.007369999999999999815
1703353458375634,0.01379000000000000017,0.008019999999999999352
1703353458443634,0.0140800000000000005,0.02069999999999999965
1703353458528684,0.01849999999999999908,0.02480999999999999872
1703353458605534,0.1078500000000000014,0.02489999999999999852
1703353458613784,0.1077800000000000008,0.02487999999999999934
1703353458690584,0.02930999999999999925,0.04198000000000000342
1703353458698634,0.02931999999999999884,0.042380000000000001
1703353458850784,0.02549999999999999836,-0.09379999999999999449
1703353458934684,0.01230000000000000017,0.06705999999999999461
1703353459011634,0.01120999999999999948,0.01090999999999999956
1703353459019584,0.03028000000000000136,0.01081999999999999976
1703353459096834,0.02716999999999999971,0.01081000000000000016
1703353459105634,0.02781000000000000139,0.01081999999999999976
1703353459173684,0.02309999999999999901,0.03894000000000000239
1703353459258684,0.01822000000000000008,0.03121000000000000163
1703353459335734,0.01196999999999999974,0.06279999999999999472
1703353459344184,0.02205000000000000016,0.06306000000000000494
1703353459420834,0.04046000000000000291,0.06261999999999999511
1703353459428684,0.04016999999999999738,0.06253000000000000225
1703353459496734,0.007210000000000000263,0.01145000000000000011
1703353459581584,0.0422000000000000014,0.03302000000000000074
1703353459674734,0,-0.02043000000000000024
1703353459665834,0.02915999999999999842,-0.02040000000000000147
1703353459741784,0.02419999999999999929,0.09346999999999999753
1703353459749884,0.02340000000000000066,0.07741000000000000658
1703353459826584,0.01451999999999999992,0.1210900000000000032
1703353459834634,0.04769999999999999934,0.119270000000000001
1703353459902684,0.05906000000000000139,0.001940000000000000101
1703353459987634,0.07596999999999999587,0.04521000000000000019
1703353460064634,0.008259999999999999981,-0.00602999999999999977
1703353460072734,0.008170000000000000179,0.008519999999999999796
1703353460149684,0.02878000000000000003,0.009499999999999999764
1703353460157634,0.02397000000000000172,0.009509999999999999357
1703353460225634,0,0.04184000000000000219
1703353460310684,0.02324999999999999983,0.04114000000000000296
1703353460387784,0.02176000000000000156,0.03166999999999999676
1703353460396134,0.02178000000000000075,0.03169000000000000289
1703353460472784,0.05122000000000000164,0.03164000000000000146
1703353460480784,0.05124000000000000082,0.03164999999999999758
1703353460548834,0,0.03157999999999999696
1703353460634834,0.04499000000000000221,0.03077999999999999833
1703353460728684,0,0.03075999999999999915
1703353460719834,-0.01977999999999999897,0.03080000000000000099
1703353460796634,-0.0008599999999999999789,0.03087000000000000161
1703353460804734,0.07449999999999999678,0.03087000000000000161
1703353460881734,0.004720000000000000237,0.03049999999999999933
1703353460889634,-0.006080000000000000335,0.03050999999999999893
1703353460957834,0.008040000000000000271,0.0984199999999999936
1703353461040634,0.1116800000000000015,0.06639000000000000457
1703353461134634,0,0.01027999999999999921
1703353461125734,0.02629000000000000087,0.01037000000000000074
1703353461201684,0.0260099999999999984,-0.08376999999999999724
1703353461209784,0.02602000000000000146,-0.083739999999999995
1703353461284784,0.02459000000000000075,0.04057000000000000189
1703353461292634,0.02461999999999999952,0.04057999999999999802
1703353461377834,0,0.04254000000000000142
1703353461445884,0.02977000000000000132,0.04241000000000000325
1703353461539834,0,0.04168999999999999789
1703353461530784,0.07524999999999999745,0.04170000000000000095
1703353461607734,-0.06103000000000000091,0.0417799999999999977
1703353461615784,-0.02212000000000000077,0.04186000000000000137
1703353461691734,0.08906000000000000028,0.0566100000000000006
1703353461699734,-0.02207999999999999893,0.0609600000000000003
1703353461783784,0,0.002419999999999999842
1703353461850834,0.04041000000000000147,0.04098000000000000254
1703353461933834,0.1408200000000000007,0.04057999999999999802
1703353462010884,0.009939999999999999183,0.001049999999999999935
1703353462018884,0.009910000000000000406,0.0008099999999999999561
1703353462094784,0.05385000000000000203,0.01609999999999999973
1703353462102884,0.05655999999999999917,0.01609000000000000014
1703353462177684,0.169839999999999991,-0.01651999999999999996
1703353462185734,0.1459000000000000019,-0.02891000000000000167
1703353462270634,0,0.1542800000000000005
1703353462337934,0.1647399999999999975,0.04223999999999999977
1703353462421684,-0.04320999999999999841,0.03694000000000000061
1703353462513884,0,0.07308000000000000607
1703353462504834,0.006949999999999999581,0.07284999999999999809
1703353462579784,-0.07015000000000000402,0.04286000000000000226
1703353462587884,-0.04311999999999999861,0.04664999999999999702
1703353462663934,0.1264699999999999991,0.0797199999999999992
1703353462671734,0.1265000000000000013,0.07969999999999999307
1703353462748834,0.03073000000000000037,0.05269000000000000072
1703353462756734,0.0617600000000000024,0.05269999999999999685
1703353462824784,-0.01256999999999999958,0.03162000000000000227
1703353462993984,0.09886000000000000343,0.01525999999999999926
1703353463079034,0.1569699999999999984,0.01540000000000000049
1703353463155734,0.05367999999999999855,0.0754599999999999993
1703353463163884,0.05367000000000000243,0.07545000000000000318
1703353463237934,0.05356999999999999956,0.0227399999999999998
1703353463246034,0.05875999999999999973,0.05367999999999999855
1703353463322984,0.03032999999999999932,-0.003040000000000000167
1703353463330834,0.03036000000000000157,-0.003030000000000000141
1703353463398784,0.04768000000000000016,0.03588000000000000217
1703353463483884,0.08168999999999999873,0.02195000000000000076
1703353463577884,0,0.08637000000000000233
1703353463568734,0.01166999999999999982,0.08623999999999999722
1703353463645734,0.09951000000000000123,0.01583000000000000032
1703353463653834,0.08711000000000000687,0.04818999999999999673
1703353463739884,0,0.04929000000000000048
1703353463807784,0.01020000000000000073,0.02672000000000000069
1703353463891784,0.02607999999999999902,0.05711000000000000104
1703353463967784,0.1763500000000000068,-0.01039999999999999952
1703353463975984,0.2166500000000000092,-0.01031999999999999931
1703353464050834,0.04966000000000000275,0.009230000000000000357
1703353464058884,0.04966999999999999887,0.01101000000000000069
1703353464211884,0.5958299999999999708,0.04086000000000000049
1703353464296884,-0.008040000000000000271,0.02829999999999999877
1703353464373884,0.001440000000000000091,0.02900000000000000147
1703353464382434,0.001469999999999999953,0.03420999999999999736
1703353464458784,0.05181000000000000189,0.03454000000000000126
1703353464466884,0.05179999999999999882,0.03454000000000000126
1703353464534834,0.1204299999999999954,0.03389000000000000346
1703353464619934,0.003729999999999999809,0.03429000000000000103
1703353464696784,0,0.02426000000000000031
1703353464704884,0.08490999999999999936,0.02429999999999999868
1703353464779784,0.04694000000000000256,0.03368999999999999773
1703353464787934,0.04694999999999999868,0.03370999999999999691
1703353464862834,0.02675999999999999907,0.01379999999999999977
1703353464870834,0.02850000000000000103,0.01376999999999999925
1703353464946934,0.003830000000000000071,0.02355000000000000149
1703353464954784,-0.004150000000000000043,0.02698000000000000051
1703353465022834,0.1300399999999999889,0.07567000000000000115
1703353465105984,0.0006599999999999999964,0.04223999999999999977
1703353465189884,0.09836000000000000298,0.06912999999999999701
1703353465266984,0.1353699999999999903,0.06927999999999999436
1703353465275284,0.1270900000000000085,0.06815999999999999837
1703353465351984,0.0007200000000000000453,0.02336999999999999841
1703353465359984,0.0007299999999999999632,0.02614000000000000004
1703353465444834,0,0.04759000000000000036
1703353465512884,0.1147600000000000009,0.03253000000000000336
1703353465596984,0.06676999999999999602,0.02067000000000000087
1703353465673884,-0.002459999999999999947,0.03638000000000000261
1703353465681884,0.02012999999999999859,0.03631999999999999812
1703353465758934,0.03547000000000000153,0.05736999999999999739
1703353465766884,0.0355099999999999999,0.05736999999999999739
1703353465835084,0.03595000000000000279,0.05353999999999999732
1703353465919034,0.03491999999999999965,0.01280000000000000061
1703353465995884,0.04712000000000000216,0.05338999999999999996
1703353466004434,0.04612000000000000127,0.05340000000000000302
1703353466081034,0.03314000000000000279,0.05322000000000000342
1703353466088984,0.05279999999999999971,0.0531500000000000028
1703353466173884,0,0.07473000000000000476
1703353466241834,0.008160000000000000586,0.01291999999999999919
1703353466335834,0,0.01003000000000000072
1703353466326934,-0.01238000000000000038,0.01004999999999999991
1703353466404034,0.05976999999999999674,0.009910000000000000406
1703353466412084,0.08758000000000000507,0.009919999999999999998
1703353466488984,0.01804000000000000048,0.04222000000000000058
1703353466496884,0.05503999999999999865,0.04222000000000000058
1703353466564884,0.0246499999999999983,0.1376600000000000046
1703353466651084,0.01105000000000000079,0.04764999999999999791
1703353466728034,0.06092000000000000193,0.003850000000000000124
1703353466736084,0.05202999999999999986,0.0043499999999999997
1703353466811984,0.09708999999999999575,-0.04589000000000000024
1703353466820034,0.09614999999999999936,-0.0459000000000000033
1703353466887934,0,0.01353999999999999995
1703353466973084,0.02247000000000000039,0.05849000000000000032
1703353467049934,0.06525000000000000244,0.06295000000000000595
1703353467058034,0.04914000000000000312,0.0629699999999999982
1703353467135084,0.0211900000000000005,0.02385999999999999927
1703353467143084,0.01888000000000000095,0.02102000000000000049
1703353467228134,0,0.009239999999999999949
1703353467294984,0.03150000000000000022,0.09007999999999999341
1703353467378034,0.0906099999999999961,0.04571999999999999675
1703353467461134,0.06248000000000000081,0.03706000000000000266
1703353467544084,0.007130000000000000053,-0.01034000000000000023
1703353467619984,0.05967999999999999694,-0.008869999999999999413
1703353467627984,0.05872999999999999748,-0.006510000000000000162
1703353467702934,-0.003850000000000000124,0.0028999999999999998
1703353467710834,0.005859999999999999758,0.002949999999999999931
1703353467863084,0.117360000000000006,0.03883999999999999952
1703353467948034,0.01663999999999999854,0.06149000000000000299
1703353468025034,0.03422000000000000042,0.0252600000000000012
1703353468033534,0.04018999999999999656,0.05251999999999999724
1703353468110134,0.04100999999999999784,0.06071000000000000008
1703353468118134,0.04100999999999999784,0.06071000000000000008
1703353468271084,0.08507000000000000672,0.108689999999999995
1703353468354184,0.02997000000000000011,0.03361999999999999711
1703353468446934,0,0.05446999999999999759
1703353468438084,0.1527999999999999914,0.05575999999999999707
1703353468515034,-0.06500000000000000222,0.03951000000000000345
1703353468523034,-0.04879000000000000004,0.03951999999999999957
1703353468600084,-0.01514000000000000068,0.01182000000000000065
1703353468607934,0.0322300000000000017,0.01180999999999999932
1703353468675984,0.03065000000000000016,0.02616999999999999882
1703353468760084,0.1669499999999999873,0.01324999999999999963
1703353468842084,0.04721999999999999809,0.1160599999999999965
1703353468933984,0,-0.04560999999999999777
1703353468925234,-0.1063199999999999978,-0.03194000000000000311
1703353469002084,0.1050299999999999984,0.0685299999999999937
1703353469009984,0.1028599999999999931,0.06636999999999999844
1703353469087584,0.03045000000000000137,0.01238000000000000038
1703353469094984,0.03151000000000000328,0.01237000000000000079
1703353469163134,0.03515000000000000069,0.01268999999999999989
1703353469248184,0.03482999999999999985,0.02185000000000000137
1703353469325234,0.04776999999999999996,0.07180999999999999883
1703353469333284,0.05938000000000000222,0.07181999999999999496
1703353469409134,0.05639000000000000262,-0.0448599999999999971
1703353469417134,0.05915000000000000119,-0.02892000000000000126
1703353469502284,0,0.02900000000000000147
1703353469570034,0.03209000000000000047,0.04800999999999999712
1703353469664084,0,0.04764000000000000179
1703353469655284,0.06732000000000000484,0.1131000000000000061
1703353469732034,0.02529999999999999957,0.07895000000000000628
1703353469740234,0.01822999999999999968,0.07938000000000000611
1703353469816084,0.07782999999999999641,-0.02576000000000000165
1703353469824184,0.06320000000000000617,-0.02836999999999999938
1703353469909034,0,0.07525999999999999357
1703353469977184,-0.03031999999999999973,0.03201999999999999985
1703353470059934,0.03574999999999999706,0.05813999999999999724
1703353470136134,-0.08870999999999999719,0.06485000000000000486
1703353470144284,-0.06646000000000000518,0.06465999999999999526
1703353470219134,0.0523500000000000007,-0.005669999999999999693
1703353470227184,0.03962000000000000244,-0.006400000000000000307
1703353470303034,0.1472199999999999898,0.05270999999999999991
1703353470311234,0.1390399999999999969,0.07174999999999999434
1703353470379184,0,0.07252000000000000113
1703353470464134,0.02965999999999999887,0.02903000000000000025
1703353470541234,-0.05652000000000000079,0.04938000000000000028
1703353470549134,-0.02024000000000000105,0.04938000000000000028
1703353470625084,0.1069500000000000034,-0.00749000000000000013
1703353470633134,0.1042300000000000032,-0.01043999999999999963
1703353470786234,0.05356999999999999956,0.02909000000000000127
1703353470871234,0.02556999999999999898,-0.003930000000000000333
1703353470964034,0,0.09250999999999999501
1703353470954984,-0.002370000000000000145,0.09175999999999999435
1703353471031134,0.08608999999999999986,0.02801000000000000018
1703353471039134,0.1345000000000000084,0.02799000000000000099
1703353471115234,0.07782000000000000028,0.01923000000000000057
1703353471123284,0.06786999999999999977,0.02280000000000000082
1703353471208184,0,0.0321400000000000019
1703353471276084,0.01018999999999999941,0.03201999999999999985
1703353471361084,0.009480000000000000579,0.0435899999999999968
1703353471438084,0.04657000000000000028,0.04340000000000000108
1703353471446634,0.07066000000000000059,0.04329000000000000209
1703353471523084,0.1274899999999999922,0.01190000000000000085
1703353471531184,0.1154599999999999932,0.01192999999999999963
1703353471599184,0.04785999999999999976,0.07284000000000000197
1703353471685234,0.008949999999999999623,0.05367000000000000243
1703353471762284,0.02561000000000000082,0.02539999999999999897
1703353471770634,0.02561000000000000082,0.02568000000000000144
1703353471847284,0.04327999999999999903,0.0743299999999999933
1703353471855334,0.04325999999999999984,0.0743299999999999933
1703353471940184,0,0.0215599999999999993
1703353472008084,0.01931000000000000077,0.01303999999999999951
1703353472092334,0.03960999999999999938,-0.01447000000000000022
1703353472168234,0.01574000000000000052,0.08797000000000000652
1703353472176734,0.01578999999999999848,0.08651999999999999968
1703353472253184,0.07381999999999999673,0.009050000000000000752
1703353472261234,0.00717999999999999975,0.009069999999999999937
1703353472329284,0.09052000000000000324,0.05691000000000000225
1703353472414234,0.07460999999999999577,0.02630000000000000046
1703353472497284,0.04132000000000000256,0.04152000000000000135
1703353472574284,0.1041300000000000003,0.05877999999999999892
1703353472582084,0.03314000000000000279,0.05877999999999999892
1703353472736084,-0.003490000000000000047,0.05809000000000000274
1703353472821284,0.06597999999999999698,-0.02327999999999999861
1703353472898384,0.09386999999999999511,0.0266200000000000013
1703353472906384,0.09386999999999999511,0.04531000000000000305
1703353472982184,0.02670000000000000151,-0.008429999999999999993
1703353472990284,0.03672000000000000264,-0.007810000000000000102
1703353473058334,0.07895000000000000628,-0.0006099999999999999737
1703353473143434,-0.07431999999999999718,0.006250000000000000347
1703353473220284,0,0.07398000000000000409
1703353473228134,0.00757000000000000034,0.07850000000000000033
1703353473305384,0.01864999999999999991,0.06565999999999999615
1703353473313184,0.01919999999999999832,0.06565000000000000002
1703353473466434,0.1040599999999999997,0.01039999999999999952
1703353473550384,0.01158000000000000002,0.0701299999999999979
1703353473627334,0.0430900000000000033,0.01349000000000000025
1703353473635234,0.04030000000000000249,0.01352000000000000077
1703353473712134,0.1198599999999999943,0.0362499999999999975
1703353473720184,0.1124399999999999983,0.156129999999999991
1703353473805384,0,0.06026999999999999719
1703353473873334,0.1057199999999999945,0.04308000000000000024
1703353473958384,0.01170999999999999992,0.04299000000000000044
1703353474035234,0.02217999999999999833,-0.03799999999999999906
1703353474043334,0.02220000000000000098,-0.01235999999999999946
1703353474120334,-0.05884000000000000341,0.04254000000000000142
1703353474128384,-0.01450000000000000074,0.04259000000000000286
1703353474196384,0.05040000000000000036,0.04256000000000000061
1703353474281284,0.01804000000000000048,0.04277999999999999858
1703353474358334,-0.06008000000000000146,0.01349000000000000025
1703353474366484,-0.01727000000000000063,0.01341999999999999964
1703353474443234,0.0182900000000000007,0.0128599999999999999
1703353474451284,0.03803999999999999743,0.01288000000000000082
1703353474536384,0,0.1281899999999999984
1703353474603434,0.04900000000000000189,0.02045999999999999902
1703353474688284,0.003720000000000000216,0.008120000000000000481
1703353474765184,0.09367000000000000326,0.01837000000000000091
1703353474773334,0.08076999999999999458,0.01864000000000000032
1703353474850234,0.07874000000000000443,0.07639999999999999569
1703353474858184,0.07872999999999999443,0.07605000000000000648
1703353474943284,0,0.0428499999999999992
1703353475011284,0.03110999999999999877,0.05356000000000000344
1703353475095334,0.03164000000000000146,0.01889000000000000054
1703353475172284,0.009060000000000000345,0.02211000000000000118
1703353475180834,0.008710000000000000728,0.02217999999999999833
1703353475257234,0.06633999999999999619,0.03191999999999999699
1703353475265284,0.07234999999999999765,0.03332000000000000239
1703353475349334,0,-0.001360000000000000098
1703353475417334,0.03125,-0.005629999999999999588
1703353475511284,0,-0.03028000000000000136
1703353475502384,0.01992000000000000021,-0.03029000000000000095
1703353475579384,0.02574999999999999858,0.06972000000000000419
1703353475587334,0.02795999999999999874,0.07043000000000000649
1703353475741434,0.0112300000000000004,0.009129999999999999227
1703353475826384,0.1122800000000000048,0.06022000000000000269
1703353475902434,-0.02942000000000000171,0.01969999999999999876
1703353475910484,0.003399999999999999811,0.01949000000000000038
1703353475986234,-0.03234000000000000069,0.06446999999999999953
1703353475994434,0.05059000000000000302,0.06431000000000000605
1703353476146334,0.09260999999999999788,0.01559999999999999928
1703353476230484,0.006570000000000000319,0.02188999999999999974
1703353476323334,0,-0.01756999999999999881
1703353476314384,0.0377600000000000019,-0.0227399999999999998
1703353476391384,0.01734000000000000125,-0.0003699999999999999947
1703353476399334,0.01589000000000000135,0.09128000000000000003
1703353476552484,0.1097400000000000042,0.05612999999999999934
1703353476629484,-0.004029999999999999728,0.009629999999999999671
1703353476638684,0.04408999999999999725,0.009589999999999999566
1703353476716484,0.03275999999999999746,0.04256000000000000061
1703353476724484,0.02711999999999999827,0.04257999999999999979
1703353476792534,0.007720000000000000299,0.0299799999999999997
1703353476878384,0.04789999999999999813,0.01290000000000000001
1703353476955434,0.02212000000000000077,0.01192000000000000004
1703353476963584,0.05866999999999999993,0.01193999999999999923
1703353477040484,0.01342999999999999923,0.06013000000000000289
1703353477048534,0.01345000000000000015,0.06196999999999999731
1703353477116434,0.01345999999999999974,0.0580600000000000005
1703353477201434,0.03271000000000000296,-0.01413999999999999979
1703353477284434,0.01515999999999999986,0.001539999999999999919
1703353477360384,0.1074800000000000061,-0.05168999999999999984
1703353477368434,0.1036600000000000021,-0.05781000000000000028
1703353477443284,0.1439100000000000101,0.04175999999999999851
1703353477451334,0.2459800000000000042,0.041820000000000003
1703353477526284,0.1961799999999999933,-0.02665999999999999967
1703353477534384,0.1754199999999999926,0.001069999999999999988
1703353477686384,0.03531000000000000111,-0.06705999999999999461
1703353477770334,0.0562300000000000022,0.07870000000000000606
1703353477847534,0.05467000000000000332,0.05868999999999999911
1703353477855684,0.06746000000000000607,0.05868999999999999911
1703353477931484,0.02560000000000000123,-0.006279999999999999992
1703353477939434,0.02563,-0.007150000000000000105
1703353478007484,0,0.02582999999999999879
1703353478092584,0.02199999999999999872,0.04213000000000000078
1703353478169534,0,0.01122000000000000081
1703353478177384,0.01427999999999999929,0.01362000000000000016
1703353478254534,0.0240900000000000003,0.04488999999999999935
1703353478262384,0.0240900000000000003,0.04490999999999999853
1703353478347484,0,0.06955999999999999683
1703353478414634,0.1388399999999999912,0.04537999999999999673
1703353478498634,0.04039000000000000229,0.02966999999999999846
1703353478581584,0.02484000000000000097,0.02640999999999999945
1703353478658484,0.03214999999999999802,0.06228999999999999815
1703353478666534,0.03323999999999999871,0.07545000000000000318
1703353478743484,0.06963999999999999357,0.05652999999999999692
1703353478751434,0.07326000000000000567,0.05548999999999999766
1703353478819534,0.04771999999999999853,0.0100599999999999995
1703353478904584,0.1510400000000000076,0.009769999999999999171
1703353478981534,0.04859000000000000125,0.009979999999999999288
1703353478989834,0.04864000000000000268,0.0100099999999999998
1703353479066484,0.03787000000000000088,0.07890999999999999404
1703353479074384,0.03789000000000000007,0.07988000000000000655
1703353479142534,0.0432299999999999976,0.07915999999999999426
1703353479226634,0.01451000000000000033,0.02922999999999999904
1703353479320484,0,0.02885000000000000064
1703353479311584,0.007830000000000000154,0.02885000000000000064
1703353479388584,0.03031000000000000014,0.02883000000000000146
1703353479396384,0.06343999999999999639,0.02884000000000000105
1703353479550534,0.03590999999999999748,0.02875000000000000125
1703353479635684,0.06424000000000000543,0.06153000000000000136
1703353479727434,0,0.04461999999999999994
1703353479718484,-0.02545999999999999999,0.04461999999999999994
1703353479795584,0.04256000000000000061,0.08268999999999999961
1703353479803534,0.04798999999999999794,0.06736000000000000321
1703353479879534,0.04077000000000000068,0.01624000000000000096
1703353479887434,0.06568999999999999839,0.01624000000000000096
1703353479955584,0.01844000000000000153,0.0155300000000000004
1703353480040384,0.0202099999999999988,0.06085999999999999743
1703353480117584,0.01835000000000000173,0.05809999999999999887
1703353480125934,0.01538999999999999917,0.05809999999999999887
1703353480202434,0.03241000000000000131,-0.03002000000000000154
1703353480210384,0.07459000000000000352,-0.02965999999999999887
1703353480361684,0.1734300000000000008,0.05138000000000000206
1703353480446734,0.006939999999999999988,-0.03029000000000000095
1703353480522484,0,0.1037899999999999934
1703353480530534,0.02866000000000000145,0.1031699999999999978
1703353480607534,0.06884999999999999454,0.03058999999999999914
1703353480615634,0.0604900000000000021,0.03059999999999999873
1703353480700484,0,0.03056999999999999995
1703353480768734,0.07230999999999999928,0.01789999999999999925
1703353480862584,0,0.04537000000000000061
1703353480853684,0.01577999999999999889,0.04585000000000000187
1703353480929534,0.03676999999999999713,0.04218000000000000221
1703353480937734,0.01980000000000000163,0.04386000000000000315
1703353481090684,0.1685699999999999976,0.01230999999999999976
1703353481174484,0.06811000000000000387,0.01237000000000000079
1703353481267534,0,0.0500099999999999989
1703353481258434,-0.016750000000000001,0.05011000000000000176
1703353481335684,0.02232999999999999916,0.0008599999999999999789
1703353481343634,0.03237000000000000294,0.001569999999999999998
1703353481420534,0.01859999999999999848,0.07667999999999999816
1703353481428534,0.01823999999999999927,0.07606999999999999873
1703353481495584,0.01864000000000000032,0.05405999999999999694
1703353481579734,0.04474999999999999811,-0.02969000000000000111
1703353481673584,0,0.02043999999999999984
1703353481664734,0.1368300000000000072,0.0208200000000000017
1703353481741634,0.01076000000000000047,0.02178000000000000075
1703353481749784,0.01048999999999999932,0.03033999999999999891
1703353481826584,0.0559899999999999981,0.03690999999999999837
1703353481834534,0.05600999999999999729,0.03690999999999999837
1703353481902684,0.02341999999999999985,0.01416000000000000071
1703353481986484,0.003469999999999999994,0.0144099999999999992
1703353482063684,0.008850000000000000228,0.01508999999999999925
1703353482072034,0.008359999999999999376,0.01542999999999999927
1703353482148634,0.008649999999999999703,0.01685000000000000039
1703353482156484,0.01697999999999999857,0.01952999999999999875
1703353482241684,0,0.06167999999999999872
1703353482309734,0.0113200000000000002,-0.008850000000000000228
1703353482403634,0,0.02392000000000000029
1703353482394984,-0.1068700000000000067,0.02630000000000000046
1703353482471584,0.03792999999999999844,0.0669399999999999995
1703353482479534,0.03783000000000000251,0.06690999999999999726
1703353482564684,0,0.01205999999999999954
1703353482632634,0.1027499999999999941,0.02475000000000000117
1703353482716634,-0.006980000000000000093,0.03565999999999999726
1703353482792584,0,-0.01325999999999999922
1703353482800784,0.1141699999999999937,-0.02632999999999999924
1703353482876634,0.07986999999999999655,0.06103000000000000091
1703353482884734,0.09471999999999999864,0.06101999999999999785
1703353482960534,0.1825400000000000078,0.01208000000000000046
1703353482968684,0.06858000000000000207,0.01204999999999999995
1703353483119734,0.009570000000000000381,0.02913999999999999924
1703353483204734,0.06187999999999999751,0.01474999999999999922
1703353483280634,0.03833999999999999908,0.01447999999999999982
1703353483289034,0.003010000000000000089,0.0313399999999999998
1703353483364634,0.1972700000000000009,0.05496000000000000191
1703353483372684,0.1806300000000000128,0.05496999999999999803
1703353483524834,0.07281999999999999584,0.009480000000000000579
1703353483609634,-0.117919999999999997,0.008739999999999999505
1703353483692784,0.04617999999999999883,0.03549000000000000071
1703353483769684,0.0288199999999999984,0.04397000000000000214
1703353483777784,0.02883000000000000146,0.06916999999999999538
1703353483854634,0.02827999999999999958,0.07272000000000000686
1703353483862734,0.02828999999999999918,0.07267999999999999461
1703353483930684,0.01919999999999999832,0.03724000000000000227
1703353484014684,0.1597600000000000131,0.03787999999999999701
1703353484108684,0,0.03660999999999999671
1703353484099784,0.003190000000000000127,0.03640999999999999792
1703353484176784,0.044630000000000003,0.0100999999999999996
1703353484184884,0.05376000000000000223,0.0101099999999999992
1703353484261634,0.06912000000000000088,0.009979999999999999288
1703353484269784,0.06912999999999999701,0.01013000000000000012
1703353484337734,0.03470000000000000168,0.04782000000000000139
1703353484422634,0.08475000000000000588,-0.01374000000000000048
1703353484505684,0.129280000000000006,0.07671999999999999653
1703353484597634,0,-0.046309999999999997
1703353484589134,0.04959999999999999826,-0.04859999999999999737
1703353484665634,0.02866000000000000145,-0.04213000000000000078
1703353484673634,-0.001869999999999999917,-0.04166999999999999871
1703353484749734,-0.1014100000000000001,0.06292999999999999983
1703353484757734,0.2433500000000000107,0.06816999999999999449
1703353484824684,0.05915000000000000119,0.01480000000000000066
1703353484908684,-0.002190000000000000106,-0.04848000000000000226
1703353484992884,0.1458099999999999952,0.05662999999999999978
1703353485068784,0.00587999999999999981,-0.006340000000000000149
1703353485076534,0.03808000000000000274,0.002449999999999999921
1703353485153784,0.1367700000000000027,0.07059999999999999609
1703353485161834,0.136459999999999998,0.07054000000000000548
1703353485246884,0,0.03122000000000000122
1703353485313784,0.1490700000000000081,0.03116999999999999979
1703353485398934,0.1099600000000000022,0.07109000000000000041
1703353485475834,0.1193899999999999961,0.05222000000000000253
1703353485483934,0.1184199999999999975,0.1166500000000000037
1703353485560834,0.06295000000000000595,0.05399000000000000327
1703353485568834,0.06292999999999999983,0.04564000000000000001
1703353485652734,0,0.01310000000000000053
1703353485719684,0.1843100000000000016,0.01767000000000000168
1703353485803934,0.02162000000000000033,0.01864999999999999991
1703353485880734,0.06672999999999999765,0.02057000000000000148
1703353485889134,0.0661100000000000021,0.02206999999999999934
1703353485965834,0.07320000000000000118,0.09972999999999999921
1703353485973634,0.07317999999999999505,0.09589999999999999913
1703353486041684,0.1397299999999999931,0.01324999999999999963
1703353486126934,-0.01769000000000000086,0.005559999999999999838
1703353486203734,0.1211499999999999938,0.08064000000000000334
1703353486211884,0.1222000000000000031,0.08952000000000000235
1703353486288684,-0.0007399999999999999894,0.0383199999999999999
1703353486296684,0.03543000000000000316,0.03823000000000000009
1703353486364734,0,0.0347999999999999976
1703353486449884,0.04372000000000000192,0.03216999999999999721
1703353486526734,0,0.01735000000000000084
1703353486535284,0.02977000000000000132,0.01661999999999999936
1703353486611734,0.02974999999999999867,0.0652200000000000002
1703353486619784,0.02974999999999999867,0.0652200000000000002
1703353486704684,0,0.03837999999999999745
1703353486772884,0.02476000000000000076,0.05050000000000000322
1703353486866884,0,0.01042000000000000044
1703353486857734,0.05621000000000000302,0.01043000000000000003
1703353486934834,0.06425999999999999768,0.04921999999999999986
1703353486942934,0.08443000000000000504,0.05222999999999999865
1703353487095734,0.03050999999999999893,0.01369000000000000078
1703353487180884,0.02949999999999999845,0.05775999999999999884
1703353487257734,0.08520999999999999408,0.01710000000000000062
1703353487265734,0.08540999999999999981,0.01654999999999999874
1703353487342934,-0.006740000000000000331,0.01649000000000000118
1703353487350684,-0.1617099999999999926,0.01645999999999999894
1703353487418984,0.7921099999999999808,0.06167999999999999872
1703353487503834,-0.03153000000000000247,0.04175000000000000239
1703353487596684,0,0.01365000000000000067
1703353487587784,0.09235999999999999766,0.01473000000000000004
1703353487663734,0.06837000000000000022,0.04852999999999999675
1703353487671734,0.06769999999999999629,0.0571699999999999986
1703353487748784,0.006119999999999999572,0.05900999999999999995
1703353487756684,-0.004129999999999999991,0.05897999999999999771
1703353487824884,0.0845800000000000024,0.01276000000000000051
1703353487909884,0.05099999999999999672,0.01545999999999999978
1703353487986784,-0.009530000000000000276,0.0701299999999999979
1703353487994734,-0.01142999999999999919,0.07822999999999999399
1703353488069984,-0.06248999999999999694,0.04979999999999999705
1703353488077884,-0.03398000000000000326,0.04993000000000000216
1703353488153884,0.08411000000000000421,-0.01871000000000000094
1703353488161934,0.01349000000000000025,-0.01933999999999999955
1703353488229734,0.04463999999999999913,0.0009200000000000000278
1703353488315034,0.05863999999999999768,0.08125000000000000278
1703353488395984,0.04123000000000000276,0.0365800000000000014
1703353488488884,0,-0.02225999999999999854
1703353488479884,0.06058999999999999803,0.004859999999999999737
1703353488556884,0.06126999999999999807,0.06051999999999999741
1703353488564934,0.06128000000000000114,0.05983000000000000124
1703353488641784,0.06278000000000000247,0.01135000000000000071
1703353488649834,0.0626799999999999996,0.01136000000000000031
1703353488717834,0.01754000000000000004,0.01124999999999999958
1703353488802984,0.02574999999999999858,0.01197999999999999933
1703353488879834,0.1201900000000000052,0.01387999999999999998
1703353488887884,0.09629000000000000059,0.02021999999999999839
1703353488964984,0.03554000000000000214,0.06937000000000000111
1703353488973934,0.03556000000000000133,0.08173999999999999322
1703353489040784,0.05632999999999999813,0.05120999999999999858
1703353489125834,0.03407999999999999918,0.07797999999999999376
1703353489202884,0.04377999999999999947,0.01080000000000000057
1703353489210984,0.04379999999999999866,0.01142999999999999919
1703353489287034,0.0114599999999999997,0.005839999999999999705
1703353489294984,0.01149000000000000021,0.005570000000000000298
1703353489447884,0.05877999999999999892,0.05639999999999999875
1703353489533034,0.02884000000000000105,-0.02918000000000000108
1703353489609834,0.03085999999999999854,0.02701999999999999888
1703353489618084,0.0596000000000000002,0.03235999999999999988
1703353489694984,0.04259000000000000286,0.03753999999999999698
1703353489702784,0.0736799999999999955,0.03753000000000000086
1703353489786784,0,0.03722000000000000308
1703353489853934,0.0587099999999999983,0.03658999999999999753
1703353489937984,0.009329999999999999752,0.005389999999999999826
1703353490014984,0.03876999999999999891,0.005680000000000000153
1703353490022984,0.07165000000000000535,0.006080000000000000335
1703353490099834,0.1039199999999999985,0.0141700000000000003
1703353490107884,0.1102700000000000069,0.01447999999999999982
1703353490258984,0.1259399999999999964,0.04905999999999999944
1703353490343984,0.03418000000000000205,0.04904000000000000026
1703353490420884,0.04984000000000000236,0.01077000000000000006
1703353490428984,0.05023999999999999994,0.01071000000000000077
1703353490582084,0.04538999999999999979,0.009769999999999999171
1703353490666984,-0.05469999999999999862,0.07660999999999999754
1703353490759034,0,-0.005029999999999999749
1703353490749784,0.06162999999999999728,-0.004570000000000000277
1703353490824934,0.08168999999999999873,-0.009990000000000000616
1703353490832934,0.1270100000000000118,-0.009620000000000000079
1703353490908884,0.03235999999999999988,0.0182000000000000009
1703353490916984,0.1637699999999999989,0.02486999999999999975
1703353490984934,0,0.02761999999999999872
1703353491069884,0.008930000000000000437,0.02505999999999999894
1703353491153134,0.09678000000000000491,0.01251999999999999988
1703353491228884,0.05920000000000000262,0.01200000000000000025
1703353491237134,0.08437999999999999667,0.04816000000000000142
1703353491313884,0.09646000000000000407,-0.008789999999999999203
1703353491321884,0.01512999999999999935,-0.008680000000000000215
1703353491390134,0.03357000000000000262,0.04331000000000000127
1703353491474884,0.03070000000000000159,0.04383999999999999703
1703353491552034,0.02658999999999999905,0.01247999999999999977
1703353491559984,0.02615999999999999923,0.01251999999999999988
1703353491636934,0.03576000000000000012,0.03194999999999999923
1703353491646084,0.06759999999999999343,0.0581500000000000003
1703353491713984,0,0.07981000000000000594
1703353491799134,0.02619000000000000147,0.01626000000000000015
1703353491875984,0.1015400000000000053,0.01599000000000000074
1703353491884184,0.09816999999999999338,0.01597000000000000156
1703353491961984,0.06221000000000000141,0.04057999999999999802
1703353491969984,0.08680999999999999828,0.05528000000000000275
1703353492038084,0,0.07105999999999999817
1703353492123084,-0.00899999999999999932,0.05041000000000000342
1703353492215984,0,0.0490700000000000025
1703353492207084,0.05752000000000000168,0.04905000000000000332
1703353492284034,-0.06836000000000000409,0.01201999999999999943
1703353492292034,-0.04189999999999999974,0.01204000000000000035
1703353492378134,0,0.01208000000000000046
1703353492446084,0.008920000000000000845,0.06345000000000000639
1703353492539934,0,0.03201999999999999985
1703353492531034,0.1116599999999999954,0.03203000000000000291
1703353492608134,0.01112999999999999927,0.05054999999999999771
1703353492615934,0.008370000000000000703,0.06672000000000000153
1703353492691984,0.02154999999999999971,-0.04868999999999999717
1703353492699984,0.06300999999999999657,-0.02486999999999999975
1703353492783984,0,0.06481000000000000649
1703353492851984,-0.0241899999999999997,0.01387000000000000038
1703353492929084,0,0.01196999999999999974
1703353492937034,0.02776999999999999955,0.01199000000000000066
1703353493014134,0.0520199999999999968,0.0583299999999999999
1703353493022034,0.05201000000000000068,0.05834999999999999909
1703353493175134,0.1424100000000000088,0.05827999999999999847
1703353493260184,0.0428499999999999992,0.00129999999999999994
1703353493336984,0.02792000000000000037,0.146919999999999995
1703353493345134,0.06322999999999999454,0.1400800000000000101
1703353493422184,0.1489399999999999891,0.03454000000000000126
1703353493430034,0.1351600000000000024,0.03765000000000000291
1703353493498084,-0.001129999999999999928,0.01528000000000000018
1703353493583134,0.03039000000000000035,0.06542000000000000592
1703353493660034,0.03429999999999999716,0.03606000000000000177
1703353493668234,0.03431000000000000022,0.03518000000000000294
1703353493744934,0.0765799999999999953,0.01251000000000000029
1703353493753084,0.07655000000000000693,0.01252999999999999947
1703353493820934,0.08566999999999999615,0.01405999999999999958
1703353493907234,0.01068999999999999985,0.03058999999999999914
1703353493983984,0.0832200000000000023,0.1237199999999999966
1703353493992084,0.1149400000000000005,0.1165299999999999947
1703353494068084,-0.004170000000000000095,-0.05285999999999999727
1703353494076134,0.02574999999999999858,-0.0678300000000000014
1703353494229084,-0.005689999999999999745,0.05088999999999999774
1703353494314134,0.1702200000000000102,-0.01209000000000000005
1703353494406184,0,0.01997000000000000164
1703353494397084,0.07764000000000000068,0.009060000000000000345
1703353494474084,0.05818999999999999867,0.07763000000000000456
1703353494482084,0.08006000000000000616,0.1222400000000000014
1703353494635034,0.02166999999999999829,0.009560000000000000789
1703353494720084,0.1292500000000000038,0.009429999999999999147
1703353494811184,0,0.01490000000000000005
1703353494802184,0.04694000000000000256,0.0777100000000000013
1703353494877984,0.1681499999999999939,0.06750000000000000444
1703353494886234,0.164910000000000001,0.06711000000000000298
1703353494963234,0.01401999999999999948,0.01051999999999999984
1703353494971234,0.01030000000000000013,0.01052999999999999943
1703353495056134,0,0.01051999999999999984
1703353495124084,0.04225000000000000283,0.06153000000000000136
1703353495207234,0.08004000000000000004,-0.03520000000000000212
1703353495284134,0.07745000000000000495,0.05272000000000000297
1703353495292434,0.08352999999999999314,0.07015000000000000402
1703353495369134,0.04424000000000000155,0.07204000000000000681
1703353495377084,-0.1000100000000000017,0.07202999999999999681
1703353495543284,0,0.06106999999999999929
1703353495611234,0.07596999999999999587,-0.01366000000000000027
1703353495705184,0,0.03262000000000000316
1703353495696134,0.0005100000000000000366,0.03515000000000000069
1703353495773234,-0.001619999999999999912,0.02460000000000000034
1703353495781284,0.02885000000000000064,0.0376099999999999976
1703353495933234,0.1670800000000000063,0.07463000000000000189
1703353496017334,0.1061399999999999982,0.08240000000000000102
1703353496094234,0.1440899999999999959,0.09291000000000000647
1703353496102534,0.1497100000000000097,0.092630000000000004
1703353496179234,0.0355099999999999999,0.05729999999999999677
1703353496187234,0.03552000000000000296,0.05729000000000000065
1703353496272234,0,0.01438000000000000042
1703353496340284,-0.01004000000000000031,0.03687
1703353496424184,0.1004199999999999954,0.02957999999999999866
1703353496501084,0.04893000000000000127,0.03481000000000000066
1703353496509734,0.04893000000000000127,0.05168999999999999984
1703353496586134,0.04619999999999999801,0.04027000000000000024
1703353496594284,0.04619000000000000189,0.03819000000000000172
1703353496663234,0.04598000000000000004,0.0157699999999999993
1703353496748234,-0.02585000000000000145,0.04701000000000000317
1703353496825134,0.05224999999999999784,0.01694999999999999979
1703353496833784,0.04875999999999999779,0.01689999999999999836
1703353496910134,-0.06642000000000000681,0.04268999999999999878
1703353496918334,-0.04111999999999999683,0.04338999999999999801
1703353497003134,0,0.05535000000000000336
1703353497071184,0.1557399999999999896,0.01592999999999999972
1703353497165234,0,0.03024999999999999911
1703353497156334,0.07358000000000000651,0.03053000000000000158
1703353497233284,0.07822999999999999399,0.03135000000000000286
1703353497241434,0.07818999999999999562,0.03296999999999999931
1703353497327234,0,0.03311999999999999666
1703353497395184,0.04973000000000000337,0.02492000000000000118
1703353497480234,0.009239999999999999949,0.05211999999999999966
1703353497557184,0.02113999999999999907,0.06542000000000000592
1703353497565284,0.02655000000000000068,0.06533999999999999531
1703353497642234,-0.03613000000000000239,0.04825000000000000122
1703353497650184,-0.01256999999999999958,0.04302000000000000268
1703353497734334,0,0.004020000000000000136
1703353497801234,-0.02818999999999999978,0.1461899999999999866
1703353497885134,-0.004859999999999999737,0.04256000000000000061
1703353497961334,-0.03839000000000000051,0.01209000000000000005
1703353497969634,-0.02163999999999999951,0.01137999999999999949
1703353498046184,0.02213000000000000037,0.01501000000000000077
1703353498054184,0.02213999999999999996,0.01502999999999999996
1703353498122334,0,0.04660999999999999865
1703353498207284,0.05270999999999999991,0.04841000000000000164
1703353498284334,0.01282999999999999939,0.06485000000000000486
1703353498292234,0.0128599999999999999,0.06418000000000000094
1703353498369384,0.0128699999999999995,0.01190000000000000085
1703353498377334,0.01289000000000000042,0.01316999999999999942
1703353498462134,0,0.03082000000000000017
1703353498529234,0.02305000000000000104,0.02343999999999999903
1703353498614284,0.06110000000000000153,0.0490700000000000025
1703353498691184,0.04805000000000000243,0.0529999999999999985
1703353498699284,0.0492099999999999968,0.0529999999999999985
1703353498776334,0.06429999999999999605,0.0128199999999999998
1703353498784284,0.06429999999999999605,0.01924000000000000016
1703353498851384,0.03828000000000000153,-0.01391000000000000049
1703353498937334,0.0336800000000000016,0.002259999999999999856
1703353499014234,0.0393000000000000016,0.002789999999999999945
1703353499022484,0.03889000000000000096,0.02290999999999999981
1703353499099284,-0.03855999999999999706,0.0500999999999999987
1703353499107384,-0.01805999999999999966,0.05015000000000000013
1703353499192384,0,0.0181000000000000015
1703353499260184,0.04601999999999999841,0.01301000000000000073
1703353499345384,0.0142699999999999997,0.03354000000000000037
1703353499422234,0.06044000000000000067,0.05818000000000000255
1703353499430334,0.06047000000000000292,0.06178000000000000158
1703353499507384,0.02874000000000000166,-0.02914999999999999883
1703353499515234,0.02518000000000000099,-0.01794000000000000108
1703353499583334,0.02270000000000000143,0.05168999999999999984
1703353499668284,0.08315000000000000169,0.007199999999999999803
1703353499761334,0,0.02997000000000000011
1703353499752234,0.06024000000000000188,0.0299799999999999997
1703353499828384,0.05068999999999999895,0.01617000000000000035
1703353499836484,0.0504799999999999971,0.04646999999999999742
1703353499913284,0.06764000000000000568,0.02781000000000000139
1703353499921184,0.06769999999999999629,0.02777999999999999914
1703353499988184,0.07219000000000000417,0.03037000000000000116
1703353500073384,0.1343600000000000072,0.05118000000000000327
1703353500166234,0,0.05469999999999999862
1703353500157334,-0.02287000000000000144,0.05471000000000000169
1703353500234334,0.04737999999999999851,0.05109999999999999959
1703353500242484,0.04658000000000000335,0.06078999999999999682
1703353500319284,-0.007810000000000000102,0.03980999999999999817
1703353500327384,-0.007769999999999999997,0.03710000000000000103
1703353500395434,0.04172000000000000014,0.0115999999999999992
1703353500480234,0.05546000000000000235,0.01561000000000000061
1703353500557434,-0.02216999999999999874,0.06235999999999999877
1703353500565284,-0.02223999999999999935,0.06235999999999999877
1703353500642334,0.03155000000000000165,0.04569000000000000145
1703353500650384,0.03157000000000000084,0.04474000000000000199
1703353500718284,0,0.0445400000000000032
1703353500803334,0.06062000000000000027,0.05170999999999999902
1703353500896484,0,-0.009230000000000000357
1703353500887384,0.113430000000000003,-0.001469999999999999953
1703353500964334,-0.02053999999999999923,0.02268999999999999836
1703353500972234,-0.002370000000000000145,0.02268999999999999836
1703353501057284,0,0.0155300000000000004
1703353501125334,0.07530000000000000582,0.03135999999999999899
1703353501209334,0.1115300000000000041,0.05711000000000000104
1703353501286484,0.06845999999999999308,0.03817999999999999866
1703353501294334,0.1238199999999999995,0.03823000000000000009
1703353501370434,-0.01043000000000000003,0.04850999999999999757
1703353501378384,-0.003810000000000000019,0.04850999999999999757
1703353501463284,0,0.04914000000000000312
1703353501529384,0.2070099999999999996,0.05476999999999999924
1703353501614384,0.1664599999999999969,0.05788999999999999702
1703353501697534,-0.03919000000000000261,0.05628999999999999976
1703353501774434,0.06861000000000000432,0.04918999999999999762
1703353501782384,0.1342299999999999882,0.04921999999999999986
1703353501858434,-0.04970999999999999724,0.04895999999999999658
1703353501866384,-0.03688000000000000306,0.04895999999999999658
1703353501934534,-0.03592999999999999666,0.04859999999999999737
1703353502019434,0.01344000000000000056,-0.01389999999999999916
1703353502113484,0,0.04569999999999999757
1703353502104584,0.08797000000000000652,0.05347999999999999976
1703353502180484,0.05032999999999999974,0.00459000000000000033
1703353502188334,0.003589999999999999875,0.004599999999999999922
1703353502264434,0.1032000000000000001,0.01265999999999999938
1703353502272384,0.08701000000000000401,0.03264000000000000234
1703353502340384,0,0.06167000000000000259
1703353502425334,0.1089100000000000068,0.005210000000000000221
1703353502508384,0.1011299999999999977,0.01311999999999999972
1703353502584484,0.1226200000000000068,0.03002000000000000154
1703353502592384,0.1102700000000000069,0.03003000000000000114
1703353502669384,0.00464999999999999962,0.08182000000000000384
1703353502677484,0.004709999999999999777,0.08183999999999999608
1703353502745334,0.01414999999999999938,0.04818999999999999673
1703353502831434,0.1064900000000000013,0.009849999999999999381
1703353502908484,0.4497399999999999731,0.009919999999999999998
1703353502916634,0.4110500000000000265,0.01013000000000000012
1703353502993384,-0.005239999999999999866,0.01339000000000000086
1703353503001284,0.06302000000000000657,0.02195000000000000076
1703353503153584,-0.003370000000000000166,0.03081000000000000058
1703353503236484,0.0694300000000000056,0.03153999999999999859
1703353503313384,-0.01660000000000000017,0.1502000000000000002
1703353503321934,0.05317999999999999811,0.145229999999999998
1703353503396484,0.05700999999999999818,0.0203899999999999984
1703353503404434,0.06020999999999999963,0.02651999999999999844
1703353503480534,0.1377500000000000113,0.04558000000000000246
1703353503488434,0.1378399999999999903,0.04458000000000000157
1703353503556434,0.0244599999999999991,0.04125999999999999807
1703353503641484,0.04986999999999999766,0.02942000000000000171
1703353503718484,0.05006000000000000033,0.02965999999999999887
1703353503726984,0.05006000000000000033,0.02969000000000000111
1703353503803434,0.01975000000000000019,0.06121000000000000052
1703353503811434,-0.1193899999999999961,0.06117000000000000215
1703353503962634,-0.01863000000000000073,0.01502999999999999996
1703353504047534,0.09440999999999999392,0.02828999999999999918
1703353504124584,0.0246499999999999983,0.1477799999999999947
1703353504132634,0.05602000000000000035,0.1340699999999999947
1703353504208484,-0.008389999999999999888,-0.03726999999999999758
1703353504216534,0.03819000000000000172,-0.04021999999999999881
1703353504284484,0.1557800000000000018,0.1782400000000000095
1703353504369634,-0.03379999999999999671,0.05933999999999999692
1703353504446584,0.006700000000000000226,0.02377999999999999906
1703353504454884,0.01712999999999999939,0.03883999999999999952
1703353504531584,0.0189399999999999985,0.01197999999999999933
1703353504539534,0.02089999999999999844,0.01203000000000000076
1703353504691534,0.08117000000000000604,0.03740000000000000269
1703353504775434,0.02651999999999999844,0.1098900000000000016
1703353504852584,0.02642999999999999863,0.07341999999999999915
1703353504860834,0.02645000000000000129,0.0734500000000000014
1703353504936584,0.02561000000000000082,0.0302699999999999983
1703353504944384,0.0255400000000000002,0.05557000000000000134
1703353505019484,0.04637999999999999762,-0.01494000000000000015
1703353505027484,0.07679999999999999327,0.02655000000000000068
1703353505095584,0.01485999999999999995,0.02863999999999999879
1703353505180434,0.03563000000000000195,0.01131000000000000061
1703353505257434,0.09096999999999999531,0.0430900000000000033
1703353505265534,0.09568999999999999728,0.04311000000000000248
1703353505342634,0.003980000000000000031,0.01787000000000000047
1703353505350584,0.003569999999999999823,0.01768000000000000127
1703353505435434,0,0.01953999999999999834
1703353505503634,0.06976000000000000256,-0.02622999999999999984
1703353505587684,0.09582999999999999852,0.08107000000000000317
1703353505663534,-0.4855700000000000016,0.04821000000000000285
1703353505671684,0.03248000000000000193,0.04315999999999999698
1703353505747434,0.05270999999999999991,0.00877999999999999961
1703353505755534,0.02648999999999999966,0.00910000000000000045
1703353505830634,0.06535000000000000531,0.05902999999999999914
1703353505838584,0.0653999999999999998,0.05936999999999999916
1703353505906434,0.02645000000000000129,0.05866999999999999993
1703353505992534,-0.02034000000000000044,-0.02263000000000000081
1703353506068434,0.04449000000000000177,0.03869999999999999829
1703353506076584,0.04395999999999999908,0.03869000000000000217
1703353506153584,0.01515000000000000027,0.02892000000000000126
1703353506161384,0.01518000000000000078,0.02917000000000000148
1703353506313684,-0.001020000000000000073,0.009239999999999999949
1703353506398684,0.08787000000000000366,0.01799999999999999864
1703353506475634,0.01661999999999999936,0.07238999999999999602
1703353506483634,0.01623000000000000137,0.07244000000000000439
1703353506560534,0.06371999999999999886,0.03043999999999999831
1703353506568584,0.06372999999999999499,0.01989000000000000143
1703353506636534,0.01655999999999999833,0.0487100000000000033
1703353506722584,0.01506000000000000047,0.06228999999999999815
1703353506798634,0,0.05979999999999999899
1703353506806584,0.08451000000000000179,0.05979000000000000287
1703353506883684,0.02435000000000000012,0.01218999999999999945
1703353506891634,0.02444999999999999951,0.01210999999999999924
1703353507043534,0.005320000000000000076,0.01378000000000000058
1703353507128434,0.05476000000000000312,0.01379999999999999977
1703353507220634,0,-0.03785999999999999782
1703353507211484,0.01993999999999999939,-0.04170999999999999708
1703353507288584,0.05464000000000000107,0.04300999999999999962
1703353507296684,0.05428000000000000186,0.04302000000000000268
1703353507372484,-0.02305000000000000104,0.007879999999999999852
1703353507380584,-0.01316999999999999942,0.01325999999999999922
1703353507448584,0.09056000000000000161,0.003739999999999999835
1703353507532584,0.02367999999999999966,0.05095999999999999835
1703353507625634,0,-0.01908999999999999933
1703353507617184,0.02637000000000000108,-0.01872000000000000053
1703353507692734,0.03203000000000000291,0.07409000000000000308
1703353507700634,0.06887000000000000066,0.08422000000000000319
1703353507775584,0.0419599999999999973,0.05652000000000000079
1703353507783534,0.04089999999999999886,0.05591999999999999749
1703353507851634,0.009060000000000000345,0.009119999999999999635
1703353507936734,0.04320000000000000229,0.00907999999999999953
1703353508013584,0.04522999999999999937,0.02369999999999999885
1703353508021684,0.04526000000000000162,0.02414000000000000173
1703353508098584,-0.01507999999999999965,0.0244699999999999987
1703353508106584,0.03497999999999999721,0.02452999999999999972
1703353508182684,-0.0452800000000000008,-0.007040000000000000251
1703353508190584,-0.01179999999999999973,-0.009849999999999999381
1703353508258684,0.05117000000000000021,-0.001309999999999999967
1703353508342834,0.1636599999999999999,0.002050000000000000173
1703353508435684,0,0.002850000000000000103
1703353508426684,0.03661999999999999977,0.008080000000000000376
1703353508503634,-0.0620300000000000018,0.03896000000000000157
1703353508511584,-0.0298000000000000001,0.03899999999999999994
1703353508663684,0.02105999999999999886,0.07255000000000000338
1703353508748784,0.01207000000000000087,0.04395000000000000295
1703353508825734,0.01213999999999999975,0.01047000000000000014
1703353508834084,0.02161000000000000074,0.01047000000000000014
1703353508910634,0.0230199999999999988,0.02963000000000000009
1703353508918584,0.02302999999999999839,0.02963000000000000009
1703353508986634,0.02299999999999999961,0.07839999999999999747
1703353509071734,0.02194000000000000117,0.06532999999999999918
1703353509148784,0.01139000000000000082,0.01196000000000000014
1703353509156684,0.01139000000000000082,0.01193999999999999923
1703353509233634,0.01099999999999999936,0.01190000000000000085
1703353509241634,0.01115999999999999978,0.01191000000000000045
1703353509309634,0.05850000000000000339,0.01192000000000000004
1703353509395784,0.03377999999999999753,0.05756000000000000005
1703353509471784,-0.08272000000000000186,-0.02733999999999999972
1703353509479934,0.3068799999999999861,-0.02684999999999999887
1703353509554784,0.08251000000000000001,0.121399999999999994
1703353509562884,0.1162600000000000022,0.1122900000000000009
1703353509638784,-0.03023999999999999952,0.06072000000000000314
1703353509646584,0.04333000000000000046,0.06072000000000000314
1703353509714734,0.05983999999999999736,0.03967999999999999999
1703353509799634,0.07205999999999999905,0.006590000000000000371
1703353509876584,0.03150000000000000022,0.07828999999999999848
1703353509884984,0.03135000000000000286,0.07824000000000000399
1703353509959684,0.03114000000000000101,0.04087999999999999967
1703353509967734,0.0311600000000000002,0.04089000000000000273
1703353510119834,0.01984999999999999959,0.1668999999999999928
1703353510202884,-0.03577999999999999931,0.03359999999999999792
1703353510287884,0.04388000000000000234,0.007860000000000000667
1703353510363784,0.06162000000000000116,0.05890999999999999709
1703353510372134,0.07205000000000000293,0.05872000000000000136
1703353510448634,0.02002999999999999919,0.002320000000000000014
1703353510456684,0.01264999999999999979,0.002390000000000000197
1703353510607784,0.02401000000000000009,0.09631000000000000671
1703353510692834,0.03135999999999999899,0.03434999999999999859
1703353510769584,0.06976999999999999869,0.009429999999999999147
1703353510778184,0.06492000000000000548,0.05251999999999999724
1703353510853734,0.002619999999999999933,0.03082999999999999977
1703353510861684,0.01422,0.03083999999999999936
1703353511014834,0.01183999999999999983,0.03167999999999999983
1703353511099784,0.01502000000000000036,0.04202999999999999792
1703353511176684,0.07292999999999999483,0.04200000000000000261
1703353511184884,0.04658000000000000335,0.04204000000000000098
1703353511260684,-0.3624200000000000199,0.005950000000000000427
1703353511268684,0.1878599999999999992,0.01097000000000000058
